Date,Region,Class,Commodity,Variety,Organic,Environment,Unit,Number of Stores,Weighted Avg Price,AvgTempC,AvgTempF,AvgPrecipitation,AvgPressure
2014-01-03,NATIONAL,VEGETABLES,CABBAGE,ROUND GREEN TYPE,,,per pound,"5,427",0.43,7.666666666666667,45.666666666666664,0.22083333333333333,993.75
2014-01-10,NATIONAL,VEGETABLES,CABBAGE,ROUND GREEN TYPE,,,per pound,"4,251",0.45,7.5,45.5,0.17625,1000.525
2014-01-17,NATIONAL,VEGETABLES,CABBAGE,ROUND GREEN TYPE,,,per pound,"2,678",0.45,6.882352941176471,44.294117647058826,0.14558823529411763,1001.7720588235294
2014-01-24,NATIONAL,VEGETABLES,CABBAGE,ROUND GREEN TYPE,,,per pound,"4,064",0.52,6.25,43.25,0.12395833333333332,1002.796875
2014-01-31,NATIONAL,VEGETABLES,CABBAGE,ROUND GREEN TYPE,,,per pound,"1,167",0.5,6.035714285714286,42.892857142857146,0.12098214285714283,1002.0491071428571
2014-02-07,NATIONAL,VEGETABLES,CABBAGE,ROUND GREEN TYPE,,,per pound,"2,211",0.53,6.057142857142857,42.857142857142854,0.145,1000.4071428571428
2014-02-14,NATIONAL,VEGETABLES,CABBAGE,ROUND GREEN TYPE,,,per pound,866,0.49,5.857142857142857,42.523809523809526,0.16041666666666665,998.6607142857143
2014-02-21,NATIONAL,VEGETABLES,CABBAGE,ROUND GREEN TYPE,,,per pound,"2,519",0.51,5.979591836734694,42.673469387755105,0.14566326530612245,999.3928571428571
2014-02-28,NATIONAL,VEGETABLES,CABBAGE,ROUND GREEN TYPE,,,per pound,"2,667",0.5,6.089285714285714,42.857142857142854,0.14285714285714285,1000.2834821428571
2014-03-07,NATIONAL,VEGETABLES,CABBAGE,ROUND GREEN TYPE,,,per pound,"4,268",0.43,6.111111111111111,42.904761904761905,0.1378968253968254,1001.0595238095239
2014-03-14,NATIONAL,VEGETABLES,CABBAGE,ROUND GREEN TYPE,,,per pound,"15,223",0.38,6.357142857142857,43.357142857142854,0.12410714285714286,1003.7571428571429
2014-03-21,NATIONAL,VEGETABLES,CABBAGE,ROUND GREEN TYPE,,,per pound,"2,192",0.38,6.623376623376624,43.83116883116883,0.1146103896103896,1005.0568181818181
2014-03-28,NATIONAL,VEGETABLES,CABBAGE,ROUND GREEN TYPE,,,per pound,699,0.46,6.535714285714286,43.70238095238095,0.10982142857142857,1005.5208333333334
2014-04-04,NATIONAL,VEGETABLES,CABBAGE,ROUND GREEN TYPE,,,per pound,"1,622",0.5,6.818181818181818,44.19318181818182,0.10596590909090908,1005.53125
2014-04-11,NATIONAL,VEGETABLES,CABBAGE,ROUND GREEN TYPE,,,per pound,"2,512",0.46,7.11578947368421,44.705263157894734,0.10210526315789473,1006.4026315789474
2014-04-18,NATIONAL,VEGETABLES,CABBAGE,ROUND GREEN TYPE,,,per pound,"1,472",0.5,7.2745098039215685,44.990196078431374,0.09509803921568627,1007.5588235294117
2014-04-25,NATIONAL,VEGETABLES,CABBAGE,ROUND GREEN TYPE,,,per pound,"2,745",0.53,7.486238532110092,45.39449541284404,0.10309633027522935,1007.8669724770642
2014-05-02,NATIONAL,VEGETABLES,CABBAGE,ROUND GREEN TYPE,,,per pound,791,0.49,7.614035087719298,45.63157894736842,0.10635964912280702,1007.9857456140351
2014-05-09,NATIONAL,VEGETABLES,CABBAGE,ROUND GREEN TYPE,,,per pound,"1,571",0.5,7.8264462809917354,46.01652892561984,0.10268595041322315,1008.3471074380166
2014-05-16,NATIONAL,VEGETABLES,CABBAGE,ROUND GREEN TYPE,,,per pound,"2,462",0.48,8.0390625,46.3984375,0.102734375,1008.9375
2014-05-23,NATIONAL,VEGETABLES,CABBAGE,ROUND GREEN TYPE,,,per pound,"1,766",0.47,8.42962962962963,47.096296296296295,0.10416666666666667,1008.937962962963
2014-05-30,NATIONAL,VEGETABLES,CABBAGE,ROUND GREEN TYPE,,,per pound,"1,153",0.5,8.55,47.31428571428572,0.11035714285714285,1009.1276785714285
2014-06-06,NATIONAL,VEGETABLES,CABBAGE,ROUND GREEN TYPE,,,per pound,"2,545",0.48,8.780821917808218,47.726027397260275,0.10813356164383561,1009.3133561643835
2014-06-13,NATIONAL,VEGETABLES,CABBAGE,ROUND GREEN TYPE,,,per pound,"1,139",0.45,9.183006535947712,48.44444444444444,0.10498366013071896,1009.8202614379085
2014-06-20,NATIONAL,VEGETABLES,CABBAGE,ROUND GREEN TYPE,,,per pound,"1,478",0.49,9.43125,48.8875,0.10101562499999998,1010.49765625
2014-06-27,NATIONAL,VEGETABLES,CABBAGE,ROUND GREEN TYPE,,,per pound,"1,068",0.47,9.748502994011975,49.449101796407184,0.09760479041916166,1010.8293413173652
2014-07-04,NATIONAL,VEGETABLES,CABBAGE,ROUND GREEN TYPE,,,per pound,851,0.45,9.965116279069768,49.843023255813954,0.0973110465116279,1010.984738372093
2014-07-11,NATIONAL,VEGETABLES,CABBAGE,ROUND GREEN TYPE,,,per pound,"2,131",0.5,10.206703910614525,50.273743016759774,0.09741620111731844,1011.0551675977654
2014-07-18,NATIONAL,VEGETABLES,CABBAGE,ROUND GREEN TYPE,,,per pound,"2,002",0.51,10.559139784946236,50.90860215053763,0.09529569892473119,1011.2284946236559
2014-07-25,NATIONAL,VEGETABLES,CABBAGE,ROUND GREEN TYPE,,,per pound,"1,682",0.44,10.927461139896373,51.56476683937824,0.09591968911917098,1011.4034974093264
2014-08-01,NATIONAL,VEGETABLES,CABBAGE,ROUND GREEN TYPE,,,per pound,"3,400",0.48,11.106598984771574,51.88324873096447,0.09651015228426396,1011.4619289340102
2014-08-08,NATIONAL,VEGETABLES,CABBAGE,ROUND GREEN TYPE,,,per pound,"2,252",0.51,11.357843137254902,52.333333333333336,0.09981617647058823,1011.4656862745098
2014-08-15,NATIONAL,VEGETABLES,CABBAGE,ROUND GREEN TYPE,,,per pound,"3,251",0.47,11.511848341232227,52.60663507109005,0.10965639810426538,1011.3305687203791
2014-08-22,NATIONAL,VEGETABLES,CABBAGE,ROUND GREEN TYPE,,,per pound,"4,229",0.49,11.591743119266056,52.74311926605505,0.10630733944954127,1011.4008027522935
2014-08-29,NATIONAL,VEGETABLES,CABBAGE,ROUND GREEN TYPE,,,per pound,"2,296",0.49,11.674107142857142,52.90625,0.10864955357142857,1011.4196428571429
2014-09-05,NATIONAL,VEGETABLES,CABBAGE,ROUND GREEN TYPE,,,per pound,"4,150",0.46,11.777292576419214,53.09170305676856,0.10671397379912664,1011.603711790393
2014-09-12,NATIONAL,VEGETABLES,CABBAGE,ROUND GREEN TYPE,,,per pound,"4,359",0.48,11.889830508474576,53.30508474576271,0.10370762711864408,1011.8442796610169
2014-09-19,NATIONAL,VEGETABLES,CABBAGE,ROUND GREEN TYPE,,,per pound,"1,948",0.45,12.03292181069959,53.559670781893004,0.10241769547325104,1011.9243827160494
2014-09-26,NATIONAL,VEGETABLES,CABBAGE,ROUND GREEN TYPE,,,per pound,"3,527",0.47,12.104,53.684,0.1001,1012.161
2014-10-03,NATIONAL,VEGETABLES,CABBAGE,ROUND GREEN TYPE,,,per pound,"3,931",0.44,12.188235294117646,53.84313725490196,0.09833333333333334,1012.4004901960784
2014-10-10,NATIONAL,VEGETABLES,CABBAGE,ROUND GREEN TYPE,,,per pound,"3,497",0.43,12.179389312977099,53.83206106870229,0.09933206106870228,1012.2237595419847
2014-10-17,NATIONAL,VEGETABLES,CABBAGE,ROUND GREEN TYPE,,,per pound,"2,857",0.51,12.20446096654275,53.87360594795539,0.10362453531598513,1012.0585501858736
2014-10-24,NATIONAL,VEGETABLES,CABBAGE,ROUND GREEN TYPE,,,per pound,"2,165",0.5,12.228260869565217,53.91304347826087,0.101856884057971,1012.1363224637681
2014-10-31,NATIONAL,VEGETABLES,CABBAGE,ROUND GREEN TYPE,,,per pound,"4,375",0.44,12.225,53.910714285714285,0.10040178571428572,1012.2241071428572
2014-11-07,NATIONAL,VEGETABLES,CABBAGE,ROUND GREEN TYPE,,,per pound,"3,139",0.44,12.167247386759582,53.80487804878049,0.10256968641114983,1011.9608013937283
2014-11-14,NATIONAL,VEGETABLES,CABBAGE,ROUND GREEN TYPE,,,per pound,"4,920",0.45,12.122448979591837,53.7312925170068,0.1032312925170068,1011.6960034013606
2014-11-21,NATIONAL,VEGETABLES,CABBAGE,ROUND GREEN TYPE,,,per pound,850,0.49,12.029900332225914,53.564784053156146,0.10336378737541527,1011.6598837209302
2014-11-28,NATIONAL,VEGETABLES,CABBAGE,ROUND GREEN TYPE,,,per pound,791,0.47,11.935064935064934,53.392857142857146,0.10466720779220778,1011.7037337662338
2014-12-05,NATIONAL,VEGETABLES,CABBAGE,ROUND GREEN TYPE,,,per pound,"2,572",0.49,11.814696485623003,53.18210862619808,0.10299520766773163,1011.8031150159744
2014-12-12,NATIONAL,VEGETABLES,CABBAGE,ROUND GREEN TYPE,,,per pound,"2,765",0.46,11.653125,52.884375,0.10191406249999999,1011.890625
2014-12-19,NATIONAL,VEGETABLES,CABBAGE,ROUND GREEN TYPE,,,per pound,"1,244",0.49,11.535168195718654,52.681957186544345,0.1015290519877676,1011.8765290519877
2015-01-09,NATIONAL,VEGETABLES,CABBAGE,ROUND GREEN TYPE,,,per pound,"3,091",0.46,11.234782608695653,52.15072463768116,0.10119565217391305,1012.4768115942029
2015-01-16,NATIONAL,VEGETABLES,CABBAGE,ROUND GREEN TYPE,,,per pound,"2,683",0.49,11.136363636363637,51.97727272727273,0.10174005681818182,1012.3664772727273
2015-01-23,NATIONAL,VEGETABLES,CABBAGE,ROUND GREEN TYPE,,,per pound,"2,676",0.48,10.949860724233984,51.646239554317546,0.10045264623955431,1012.400417827298
2015-01-30,NATIONAL,VEGETABLES,CABBAGE,ROUND GREEN TYPE,,,per pound,"1,053",0.53,10.868131868131869,51.5,0.09972527472527472,1012.5357142857143
2015-02-06,NATIONAL,VEGETABLES,CABBAGE,ROUND GREEN TYPE,,,per pound,"3,706",0.52,10.705405405405406,51.20810810810811,0.0983108108108108,1012.5655405405405
2015-02-13,NATIONAL,VEGETABLES,CABBAGE,ROUND GREEN TYPE,,,per pound,"1,620",0.52,10.578249336870027,50.97877984084881,0.09691644562334217,1012.8388594164456
2015-02-20,NATIONAL,VEGETABLES,CABBAGE,ROUND GREEN TYPE,,,per pound,"1,577",0.54,10.481770833333334,50.802083333333336,0.09778645833333333,1012.9459635416666
2015-02-27,NATIONAL,VEGETABLES,CABBAGE,ROUND GREEN TYPE,,,per pound,"2,177",0.53,10.388746803069054,50.63427109974425,0.09744245524296674,1012.8340792838875
2015-03-06,NATIONAL,VEGETABLES,CABBAGE,ROUND GREEN TYPE,,,per pound,"5,183",0.46,10.306532663316583,50.48743718592965,0.09641959798994974,1012.947864321608
2015-03-13,NATIONAL,VEGETABLES,CABBAGE,ROUND GREEN TYPE,,,per pound,"16,293",0.38,10.25679012345679,50.39506172839506,0.09478395061728394,1013.0833333333334
2015-03-20,NATIONAL,VEGETABLES,CABBAGE,ROUND GREEN TYPE,,,per pound,"1,811",0.45,10.189320388349515,50.27427184466019,0.09347694174757282,1013.2066140776699
2015-03-27,NATIONAL,VEGETABLES,CABBAGE,ROUND GREEN TYPE,,,per pound,935,0.48,10.119331742243437,50.14797136038186,0.09284009546539379,1013.2550715990453
2015-04-03,NATIONAL,VEGETABLES,CABBAGE,ROUND GREEN TYPE,,,per pound,"1,361",0.52,10.10401891252955,50.12293144208038,0.09284869976359338,1013.2981678486998
2015-04-10,NATIONAL,VEGETABLES,CABBAGE,ROUND GREEN TYPE,,,per pound,"3,485",0.52,10.095348837209302,50.10697674418605,0.09139534883720929,1013.5343023255814
2015-04-17,NATIONAL,VEGETABLES,CABBAGE,ROUND GREEN TYPE,,,per pound,"2,738",0.49,10.096109839816934,50.10526315789474,0.09018878718535468,1013.616418764302
2015-04-24,NATIONAL,VEGETABLES,CABBAGE,ROUND GREEN TYPE,,,per pound,"2,064",0.5,10.083333333333334,50.078828828828826,0.08876689189189188,1013.8043355855856
2015-05-01,NATIONAL,VEGETABLES,CABBAGE,ROUND GREEN TYPE,,,per pound,"1,226",0.52,10.071269487750557,50.057906458797326,0.08853006681514476,1013.760579064588
2015-05-08,NATIONAL,VEGETABLES,CABBAGE,ROUND GREEN TYPE,,,per pound,"1,312",0.48,10.096491228070175,50.10745614035088,0.08947368421052632,1013.6329495614035
2015-05-15,NATIONAL,VEGETABLES,CABBAGE,ROUND GREEN TYPE,,,per pound,"3,065",0.49,10.12742980561555,50.16414686825054,0.08925485961123111,1013.7059935205184
2015-05-22,NATIONAL,VEGETABLES,CABBAGE,ROUND GREEN TYPE,,,per pound,"1,235",0.53,10.142553191489363,50.193617021276594,0.08851063829787234,1013.7744680851064
2015-05-29,NATIONAL,VEGETABLES,CABBAGE,ROUND GREEN TYPE,,,per pound,"1,910",0.54,10.17436974789916,50.25420168067227,0.08760504201680673,1013.8650210084033
2015-06-05,NATIONAL,VEGETABLES,CABBAGE,ROUND GREEN TYPE,,,per pound,"2,551",0.5,10.22037422037422,50.33679833679834,0.08703222453222455,1013.8856548856548
2015-06-12,NATIONAL,VEGETABLES,CABBAGE,ROUND GREEN TYPE,,,per pound,"1,445",0.46,10.260245901639344,50.41188524590164,0.08647540983606558,1014.0545594262295
2015-06-19,NATIONAL,VEGETABLES,CABBAGE,ROUND GREEN TYPE,,,per pound,"2,617",0.51,10.32929292929293,50.535353535353536,0.08542929292929294,1014.1292929292929
2015-06-26,NATIONAL,VEGETABLES,CABBAGE,ROUND GREEN TYPE,,,per pound,937,0.48,10.398406374501992,50.667330677290835,0.08593127490039841,1014.183764940239
2015-07-03,NATIONAL,VEGETABLES,CABBAGE,ROUND GREEN TYPE,,,per pound,"1,289",0.51,10.493096646942801,50.83431952662722,0.08515779092702169,1014.2275641025641
2015-07-10,NATIONAL,VEGETABLES,CABBAGE,ROUND GREEN TYPE,,,per pound,"2,272",0.5,10.589494163424124,51.009727626459146,0.08484922178988326,1014.2609435797665
2015-07-17,NATIONAL,VEGETABLES,CABBAGE,ROUND GREEN TYPE,,,per pound,"3,346",0.5,10.687140115163148,51.18809980806142,0.08426103646833015,1014.283349328215
2015-07-24,NATIONAL,VEGETABLES,CABBAGE,ROUND GREEN TYPE,,,per pound,"2,221",0.47,10.770833333333334,51.33901515151515,0.08650568181818181,1014.2682291666666
2015-07-31,NATIONAL,VEGETABLES,CABBAGE,ROUND GREEN TYPE,,,per pound,"1,949",0.49,10.802631578947368,51.39473684210526,0.08761748120300751,1014.2062969924812
2015-08-07,NATIONAL,VEGETABLES,CABBAGE,ROUND GREEN TYPE,,,per pound,"2,850",0.51,10.890538033395176,51.55473098330241,0.08652597402597403,1014.2124304267162
2015-08-14,NATIONAL,VEGETABLES,CABBAGE,ROUND GREEN TYPE,,,per pound,"2,476",0.45,10.987179487179487,51.734432234432234,0.0889423076923077,1014.2577838827839
2015-08-21,NATIONAL,VEGETABLES,CABBAGE,ROUND GREEN TYPE,,,per pound,"2,255",0.44,11.066907775768536,51.87341772151899,0.08849457504520795,1014.2906871609404
2015-08-28,NATIONAL,VEGETABLES,CABBAGE,ROUND GREEN TYPE,,,per pound,"1,603",0.5,11.14107142857143,52.00535714285714,0.09037946428571428,1014.2073660714286
2015-09-04,NATIONAL,VEGETABLES,CABBAGE,ROUND GREEN TYPE,,,per pound,"1,598",0.5,11.156028368794326,52.033687943262414,0.0901595744680851,1014.2355939716313
2015-09-11,NATIONAL,VEGETABLES,CABBAGE,ROUND GREEN TYPE,,,per pound,"1,989",0.54,11.196147110332749,52.10858143607706,0.08905429071803853,1014.3204903677758
2015-09-18,NATIONAL,VEGETABLES,CABBAGE,ROUND GREEN TYPE,,,per pound,"2,552",0.53,11.230103806228374,52.16955017301038,0.0900735294117647,1014.2039359861592
2015-09-25,NATIONAL,VEGETABLES,CABBAGE,ROUND GREEN TYPE,,,per pound,"2,395",0.51,11.251282051282052,52.21025641025641,0.09047008547008546,1014.2012820512821
2015-10-02,NATIONAL,VEGETABLES,CABBAGE,ROUND GREEN TYPE,,,per pound,"3,391",0.49,11.267796610169492,52.242372881355934,0.08970338983050848,1014.3408898305084
2015-10-09,NATIONAL,VEGETABLES,CABBAGE,ROUND GREEN TYPE,,,per pound,"2,968",0.5,11.291457286432161,52.28643216080402,0.09020100502512562,1014.3134422110553
2015-10-16,NATIONAL,VEGETABLES,CABBAGE,ROUND GREEN TYPE,,,per pound,"2,627",0.57,11.281456953642385,52.269867549668874,0.08915562913907285,1014.3863824503311
2015-10-23,NATIONAL,VEGETABLES,CABBAGE,ROUND GREEN TYPE,,,per pound,"1,210",0.51,11.27823240589198,52.265139116202946,0.08895253682487725,1014.4658346972177
2015-10-30,NATIONAL,VEGETABLES,CABBAGE,ROUND GREEN TYPE,,,per pound,"2,659",0.52,11.279220779220779,52.26623376623377,0.08934659090909092,1014.4659090909091
2015-11-06,NATIONAL,VEGETABLES,CABBAGE,ROUND GREEN TYPE,,,per pound,"5,721",0.47,11.292604501607718,52.28938906752411,0.08944935691318329,1014.5018086816721
2015-11-13,NATIONAL,VEGETABLES,CABBAGE,ROUND GREEN TYPE,,,per pound,"4,380",0.48,11.311605723370429,52.32114467408585,0.0891295707472178,1014.5695548489666
2015-11-20,NATIONAL,VEGETABLES,CABBAGE,ROUND GREEN TYPE,,,per pound,960,0.47,11.312893081761006,52.325471698113205,0.08917059748427673,1014.5375393081761
2015-11-27,NATIONAL,VEGETABLES,CABBAGE,ROUND GREEN TYPE,,,per pound,544,0.48,11.253499222395023,52.216174183514774,0.08905520995334369,1014.5307153965786
2015-12-04,NATIONAL,VEGETABLES,CABBAGE,ROUND GREEN TYPE,,,per pound,"2,972",0.49,11.24537037037037,52.20216049382716,0.08877314814814814,1014.5787037037037
2015-12-11,NATIONAL,VEGETABLES,CABBAGE,ROUND GREEN TYPE,,,per pound,"2,013",0.52,11.239694656488549,52.189312977099235,0.08858778625954197,1014.6681297709923
2015-12-18,NATIONAL,VEGETABLES,CABBAGE,ROUND GREEN TYPE,,,per pound,"1,443",0.49,11.226586102719033,52.16918429003021,0.08865181268882175,1014.6937311178248
2016-01-08,NATIONAL,VEGETABLES,CABBAGE,ROUND GREEN TYPE,,,per pound,"3,976",0.45,11.157352941176471,52.04705882352941,0.08911764705882354,1014.5310661764706
2016-01-15,NATIONAL,VEGETABLES,CABBAGE,ROUND GREEN TYPE,,,per pound,"2,303",0.5,11.091703056768559,51.933042212518195,0.08922852983988355,1014.3733624454148
2016-01-22,NATIONAL,VEGETABLES,CABBAGE,ROUND GREEN TYPE,,,per pound,"2,360",0.57,11.002881844380404,51.773775216138326,0.08888688760806916,1014.4376801152738
2016-01-29,NATIONAL,VEGETABLES,CABBAGE,ROUND GREEN TYPE,,,per pound,"2,963",0.51,10.98857142857143,51.747142857142855,0.08867857142857143,1014.4921428571429
2016-02-05,NATIONAL,VEGETABLES,CABBAGE,ROUND GREEN TYPE,,,per pound,"2,196",0.44,10.967375886524822,51.71063829787234,0.08812056737588653,1014.5246453900709
2016-02-12,NATIONAL,VEGETABLES,CABBAGE,ROUND GREEN TYPE,,,per pound,"1,255",0.68,10.919943820224718,51.62359550561798,0.08811446629213483,1014.3284761235955
2016-02-19,NATIONAL,VEGETABLES,CABBAGE,ROUND GREEN TYPE,,,per pound,"1,836",0.56,10.84700973574409,51.49095966620306,0.08798678720445062,1014.3091098748262
2016-02-26,NATIONAL,VEGETABLES,CABBAGE,ROUND GREEN TYPE,,,per pound,"1,989",0.52,10.803030303030303,51.41184573002755,0.08729338842975207,1014.2964876033058
2016-03-04,NATIONAL,VEGETABLES,CABBAGE,ROUND GREEN TYPE,,,per pound,"1,449",0.45,10.7462482946794,51.30968622100955,0.08727830832196452,1014.2457366984993
2016-03-11,NATIONAL,VEGETABLES,CABBAGE,ROUND GREEN TYPE,,,per pound,"9,491",0.41,10.683783783783785,51.2,0.08743243243243244,1014.2038851351351
2016-03-18,NATIONAL,VEGETABLES,CABBAGE,ROUND GREEN TYPE,,,per pound,"9,689",0.43,10.633199464524766,51.111111111111114,0.08661311914323963,1014.3550870147255
2016-03-25,NATIONAL,VEGETABLES,CABBAGE,ROUND GREEN TYPE,,,per pound,397,0.56,10.60344827586207,51.05835543766578,0.08628978779840848,1014.3995358090185
2016-04-01,NATIONAL,VEGETABLES,CABBAGE,ROUND GREEN TYPE,,,per pound,"2,674",0.54,10.589709762532982,51.03693931398417,0.08705474934036941,1014.3398746701847
2016-04-08,NATIONAL,VEGETABLES,CABBAGE,ROUND GREEN TYPE,,,per pound,791,0.51,10.573856209150327,51.00653594771242,0.08720588235294119,1014.2805555555556
2016-04-15,NATIONAL,VEGETABLES,CABBAGE,ROUND GREEN TYPE,,,per pound,"2,343",0.46,10.560880829015543,50.98186528497409,0.08759715025906736,1014.2472474093264
2016-04-22,NATIONAL,VEGETABLES,CABBAGE,ROUND GREEN TYPE,,,per pound,"1,355",0.56,10.540436456996149,50.94865211810013,0.08713093709884467,1014.2877086007702
2016-04-29,NATIONAL,VEGETABLES,CABBAGE,ROUND GREEN TYPE,,,per pound,"3,258",0.48,10.504458598726115,50.88535031847134,0.0867356687898089,1014.2842356687898
2016-05-06,NATIONAL,VEGETABLES,CABBAGE,ROUND GREEN TYPE,,,per pound,906,0.52,10.510745891276864,50.89633375474084,0.08610935524652338,1014.343236409608
2016-05-13,NATIONAL,VEGETABLES,CABBAGE,ROUND GREEN TYPE,,,per pound,"2,404",0.52,10.552631578947368,50.976190476190474,0.0862781954887218,1014.2742794486215
2016-05-20,NATIONAL,VEGETABLES,CABBAGE,ROUND GREEN TYPE,,,per pound,"1,428",0.58,10.56024844720497,50.990062111801244,0.08642857142857144,1014.2962732919254
2016-05-27,NATIONAL,VEGETABLES,CABBAGE,ROUND GREEN TYPE,,,per pound,"1,811",0.48,10.572660098522167,51.01231527093596,0.0858374384236453,1014.3160406403941
2016-06-03,NATIONAL,VEGETABLES,CABBAGE,ROUND GREEN TYPE,,,per pound,903,0.53,10.579656862745098,51.02696078431372,0.08546262254901958,1014.3373161764706
2016-06-10,NATIONAL,VEGETABLES,CABBAGE,ROUND GREEN TYPE,,,per pound,"2,651",0.55,10.626974483596598,51.11300121506683,0.08598116646415552,1014.3880619684082
2016-06-17,NATIONAL,VEGETABLES,CABBAGE,ROUND GREEN TYPE,,,per pound,"1,233",0.52,10.660240963855422,51.174698795180724,0.08736445783132529,1014.3149096385542
2016-06-24,NATIONAL,VEGETABLES,CABBAGE,ROUND GREEN TYPE,,,per pound,"3,133",0.51,10.707287933094385,51.25806451612903,0.08918757467144564,1014.344384707288
2016-07-01,NATIONAL,VEGETABLES,CABBAGE,ROUND GREEN TYPE,,,per pound,"1,217",0.55,10.732779097387173,51.304038004750595,0.0897565320665083,1014.3488717339667
2016-07-08,NATIONAL,VEGETABLES,CABBAGE,ROUND GREEN TYPE,,,per pound,"1,620",0.55,10.771495877502945,51.37691401648999,0.08906065959952886,1014.3795641931684
2016-07-15,NATIONAL,VEGETABLES,CABBAGE,ROUND GREEN TYPE,,,per pound,"2,917",0.5,10.815420560747663,51.45443925233645,0.08893107476635514,1014.3945677570093
2016-07-22,NATIONAL,VEGETABLES,CABBAGE,ROUND GREEN TYPE,,,per pound,"2,515",0.65,10.885283893395133,51.58053302433372,0.08826767091541134,1014.4135283893395
2016-07-29,NATIONAL,VEGETABLES,CABBAGE,ROUND GREEN TYPE,,,per pound,"1,063",0.56,10.937859608745685,51.675489067894134,0.08777330264672036,1014.4132623705409
2016-08-05,NATIONAL,VEGETABLES,CABBAGE,ROUND GREEN TYPE,,,per pound,"2,535",0.5,10.973684210526315,51.73913043478261,0.08814359267734553,1014.4066075514875
2016-08-12,NATIONAL,VEGETABLES,CABBAGE,ROUND GREEN TYPE,,,per pound,"4,094",0.49,11.019296254256526,51.82179341657208,0.08747162315550511,1014.4812712826333
2016-08-19,NATIONAL,VEGETABLES,CABBAGE,ROUND GREEN TYPE,,,per pound,"2,274",0.49,11.072072072072071,51.917792792792795,0.08699324324324324,1014.5056306306307
2016-08-26,NATIONAL,VEGETABLES,CABBAGE,ROUND GREEN TYPE,,,per pound,"3,708",0.46,11.1463687150838,52.05027932960894,0.0868435754189944,1014.5241620111732
2016-09-02,NATIONAL,VEGETABLES,CABBAGE,ROUND GREEN TYPE,,,per pound,"2,625",0.48,11.17575083426029,52.10456062291435,0.0871662958843159,1014.5380978865406
2016-09-09,NATIONAL,VEGETABLES,CABBAGE,ROUND GREEN TYPE,,,per pound,"3,221",0.51,11.233995584988962,52.21081677704194,0.08681015452538632,1014.5524282560706
2016-09-16,NATIONAL,VEGETABLES,CABBAGE,ROUND GREEN TYPE,,,per pound,"2,075",0.5,11.295728368017524,52.32092004381161,0.08740416210295728,1014.5334063526834
2016-09-23,NATIONAL,VEGETABLES,CABBAGE,ROUND GREEN TYPE,,,per pound,"6,074",0.47,11.327173913043477,52.37608695652174,0.08682065217391305,1014.5775815217391
2016-09-30,NATIONAL,VEGETABLES,CABBAGE,ROUND GREEN TYPE,,,per pound,"2,763",0.47,11.352432432432433,52.42054054054054,0.08635135135135136,1014.6074324324325
2016-10-07,NATIONAL,VEGETABLES,CABBAGE,ROUND GREEN TYPE,,,per pound,"4,105",0.44,11.359442060085836,52.433476394849784,0.08585032188841202,1014.6679184549356
2016-10-14,NATIONAL,VEGETABLES,CABBAGE,ROUND GREEN TYPE,,,per pound,"1,397",0.46,11.35569755058573,52.425985090521834,0.08533013844515441,1014.7095314164004
2016-10-21,NATIONAL,VEGETABLES,CABBAGE,ROUND GREEN TYPE,,,per pound,"3,785",0.52,11.35306553911205,52.420718816067655,0.08529334038054968,1014.7258192389006
2016-10-28,NATIONAL,VEGETABLES,CABBAGE,ROUND GREEN TYPE,,,per pound,"1,644",0.55,11.349422875131165,52.412381951731376,0.08481112277019937,1014.781610703043
2016-11-04,NATIONAL,VEGETABLES,CABBAGE,ROUND GREEN TYPE,,,per pound,"4,955",0.44,11.333333333333334,52.38453500522466,0.08475705329153606,1014.80355276907
2016-11-11,NATIONAL,VEGETABLES,CABBAGE,ROUND GREEN TYPE,,,per pound,"2,636",0.5,11.28630705394191,52.301867219917014,0.0847640041493776,1014.7585580912863
2016-11-18,NATIONAL,VEGETABLES,CABBAGE,ROUND GREEN TYPE,,,per pound,"1,042",0.5,11.268795056642636,52.26879505664264,0.08488671472708548,1014.7648043254377
2016-11-25,NATIONAL,VEGETABLES,CABBAGE,ROUND GREEN TYPE,,,per pound,"1,211",0.47,11.241308793456033,52.219836400818,0.0856978527607362,1014.6964468302658
2016-12-02,NATIONAL,VEGETABLES,CABBAGE,ROUND GREEN TYPE,,,per pound,"3,955",0.5,11.207527975584943,52.15971515768057,0.08526195320447609,1014.7562309257376
2016-12-09,NATIONAL,VEGETABLES,CABBAGE,ROUND GREEN TYPE,,,per pound,"3,401",0.45,11.17979797979798,52.10909090909091,0.08470959595959597,1014.8320707070707
2016-12-16,NATIONAL,VEGETABLES,CABBAGE,ROUND GREEN TYPE,,,per pound,"2,582",0.52,11.162487462387162,52.07723169508525,0.08440320962888667,1014.8801404212638
2016-12-23,NATIONAL,VEGETABLES,CABBAGE,ROUND GREEN TYPE,,,per pound,"1,117",0.51,11.131474103585658,52.01892430278885,0.08383964143426297,1014.9693725099602
2016-12-30,NATIONAL,VEGETABLES,CABBAGE,ROUND GREEN TYPE,,,per pound,"8,554",0.42,11.107036669970267,51.973240832507436,0.0834489593657086,1015.0589692765114
2017-01-06,NATIONAL,VEGETABLES,CABBAGE,ROUND GREEN TYPE,,,per pound,"1,435",0.54,11.060098522167488,51.88768472906404,0.08342364532019704,1015.135960591133
2017-01-13,NATIONAL,VEGETABLES,CABBAGE,ROUND GREEN TYPE,,,per pound,"2,201",0.52,11.023483365949119,51.82289628180039,0.0836472602739726,1015.1466487279844
2017-01-20,NATIONAL,VEGETABLES,CABBAGE,ROUND GREEN TYPE,,,per pound,"2,873",0.55,10.96307094266278,51.715257531584065,0.08351554907677357,1015.25
2017-01-27,NATIONAL,VEGETABLES,CABBAGE,ROUND GREEN TYPE,,,per pound,"4,419",0.45,10.89864864864865,51.5984555984556,0.08295125482625483,1015.3103281853282
2017-02-03,NATIONAL,VEGETABLES,CABBAGE,ROUND GREEN TYPE,,,per pound,"1,311",0.52,10.888461538461538,51.58076923076923,0.08322115384615385,1015.2616586538461
2017-02-10,NATIONAL,VEGETABLES,CABBAGE,ROUND GREEN TYPE,,,per pound,"1,412",0.48,10.841451766953199,51.49665711556829,0.08320200573065903,1015.2638490926456
2017-02-17,NATIONAL,VEGETABLES,CABBAGE,ROUND GREEN TYPE,,,per pound,"2,423",0.52,10.80550284629981,51.43263757115749,0.08275616698292221,1015.3293406072106
2017-02-24,NATIONAL,VEGETABLES,CABBAGE,ROUND GREEN TYPE,,,per pound,"2,141",0.54,10.791705937794534,51.408105560791704,0.08232799245994345,1015.3259896324222
2017-03-03,NATIONAL,VEGETABLES,CABBAGE,ROUND GREEN TYPE,,,per pound,"2,234",0.5,10.764981273408239,51.36048689138577,0.08249063670411984,1015.2295177902622
2017-03-10,NATIONAL,VEGETABLES,CABBAGE,ROUND GREEN TYPE,,,per pound,"11,151",0.34,10.746976744186046,51.327441860465115,0.08243023255813954,1015.185
2017-03-17,NATIONAL,VEGETABLES,CABBAGE,ROUND GREEN TYPE,,,per pound,"14,025",0.36,10.74029574861368,51.31515711645102,0.082047134935305,1015.2407578558225
2017-03-24,NATIONAL,VEGETABLES,CABBAGE,ROUND GREEN TYPE,,,per pound,"1,902",0.4,10.72635445362718,51.29201101928375,0.08226584022038567,1015.2171717171717
2017-03-31,NATIONAL,VEGETABLES,CABBAGE,ROUND GREEN TYPE,,,per pound,"1,977",0.5,10.72003659652333,51.27996340347667,0.08199908508691674,1015.2501143641354
2017-04-07,NATIONAL,VEGETABLES,CABBAGE,ROUND GREEN TYPE,,,per pound,"2,633",0.51,10.717272727272727,51.275454545454544,0.08165909090909092,1015.3078409090909
2017-04-14,NATIONAL,VEGETABLES,CABBAGE,ROUND GREEN TYPE,,,per pound,"2,050",0.48,10.716350496838302,51.27190605239386,0.08118789521228546,1015.3471093044263
2017-04-21,NATIONAL,VEGETABLES,CABBAGE,ROUND GREEN TYPE,,,per pound,"4,355",0.44,10.704667863554757,51.24865350089767,0.08071140035906642,1015.4279622980251
2017-04-28,NATIONAL,VEGETABLES,CABBAGE,ROUND GREEN TYPE,,,per pound,"2,627",0.48,10.68599464763604,51.2149866190901,0.08045272078501338,1015.4550624442462
2017-05-05,NATIONAL,VEGETABLES,CABBAGE,ROUND GREEN TYPE,,,per pound,"1,614",0.48,10.682060390763766,51.209591474245116,0.0803063943161634,1015.464365008881
2017-05-12,NATIONAL,VEGETABLES,CABBAGE,ROUND GREEN TYPE,,,per pound,"3,306",0.5,10.680494263018534,51.20917917034422,0.08005295675198587,1015.4451676963813
2017-05-19,NATIONAL,VEGETABLES,CABBAGE,ROUND GREEN TYPE,,,per pound,"1,954",0.5,10.697368421052632,51.24035087719298,0.08125,1015.4503289473685
2017-05-26,NATIONAL,VEGETABLES,CABBAGE,ROUND GREEN TYPE,,,per pound,"1,905",0.48,10.727114210985178,51.2972972972973,0.08079773321708807,1015.4831081081081
2017-06-02,NATIONAL,VEGETABLES,CABBAGE,ROUND GREEN TYPE,,,per pound,"1,142",0.47,10.75238922675934,51.34317984361425,0.08097306689834927,1015.4891398783666
2017-06-09,NATIONAL,VEGETABLES,CABBAGE,ROUND GREEN TYPE,,,per pound,"2,906",0.52,10.76943005181347,51.377374784110536,0.08151986183074267,1015.4533678756477
2017-06-16,NATIONAL,VEGETABLES,CABBAGE,ROUND GREEN TYPE,,,per pound,"1,567",0.53,10.804291845493562,51.44206008583691,0.08104077253218883,1015.4664163090129
2017-06-23,NATIONAL,VEGETABLES,CABBAGE,ROUND GREEN TYPE,,,per pound,"1,911",0.49,10.866894197952218,51.55546075085324,0.0805674061433447,1015.485388225256
2017-06-30,NATIONAL,VEGETABLES,CABBAGE,ROUND GREEN TYPE,,,per pound,950,0.52,10.89124893797791,51.59728122344945,0.08146771452846219,1015.4580501274427
2017-07-07,NATIONAL,VEGETABLES,CABBAGE,ROUND GREEN TYPE,,,per pound,"1,478",0.48,10.9375,51.682432432432435,0.08130278716216215,1015.4731841216217
2017-07-14,NATIONAL,VEGETABLES,CABBAGE,ROUND GREEN TYPE,,,per pound,"2,951",0.55,10.97649034424853,51.75314861460957,0.08160159529806885,1015.471032745592
2017-07-21,NATIONAL,VEGETABLES,CABBAGE,ROUND GREEN TYPE,,,per pound,"2,379",0.49,11.02253756260434,51.83722871452421,0.08159432387312186,1015.4698455759599
2017-07-28,NATIONAL,VEGETABLES,CABBAGE,ROUND GREEN TYPE,,,per pound,"1,695",0.47,11.057261410788382,51.90041493775934,0.08171161825726142,1015.4398340248963
2017-08-04,NATIONAL,VEGETABLES,CABBAGE,ROUND GREEN TYPE,,,per pound,"3,282",0.47,11.079404466501241,51.94210090984284,0.08172043010752687,1015.4267990074442
2017-08-11,NATIONAL,VEGETABLES,CABBAGE,ROUND GREEN TYPE,,,per pound,"4,243",0.55,11.111842105263158,52.0,0.08256578947368422,1015.4396587171053
2017-08-18,NATIONAL,VEGETABLES,CABBAGE,ROUND GREEN TYPE,,,per pound,"3,031",0.45,11.1545380212592,52.07522485690924,0.08238961569910057,1015.4420482420278
2017-08-25,NATIONAL,VEGETABLES,CABBAGE,ROUND GREEN TYPE,,,per pound,"2,175",0.49,11.195121951219512,52.15040650406504,0.08235772357723578,1015.4583333333334
2017-09-01,NATIONAL,VEGETABLES,CABBAGE,ROUND GREEN TYPE,,,per pound,"1,032",0.48,11.222852512155592,52.20259319286872,0.0820907617504052,1015.4680915721232
2017-09-08,NATIONAL,VEGETABLES,CABBAGE,ROUND GREEN TYPE,,,per pound,"4,338",0.49,11.253827558420628,52.26027397260274,0.08186946011281224,1015.4572925060435
2017-09-15,NATIONAL,VEGETABLES,CABBAGE,ROUND GREEN TYPE,,,per pound,"2,742",0.64,11.270833333333334,52.291666666666664,0.0818409455128205,1015.3816105769231
2017-09-22,NATIONAL,VEGETABLES,CABBAGE,ROUND GREEN TYPE,,,per pound,"4,672",0.49,11.284462151394422,52.31713147410358,0.08167330677290836,1015.3902390438247
2017-09-29,NATIONAL,VEGETABLES,CABBAGE,ROUND GREEN TYPE,,,per pound,"3,374",0.49,11.309278350515465,52.36161776367962,0.0822065820777161,1015.41266851705
2017-10-06,NATIONAL,VEGETABLES,CABBAGE,ROUND GREEN TYPE,,,per pound,"3,327",0.45,11.322809786898185,52.384372533543804,0.08184688239936858,1015.426499605367
2017-10-13,NATIONAL,VEGETABLES,CABBAGE,ROUND GREEN TYPE,,,per pound,"2,645",0.45,11.340659340659341,52.41444270015698,0.08142660910518054,1015.4391679748823
2017-10-20,NATIONAL,VEGETABLES,CABBAGE,ROUND GREEN TYPE,,,per pound,"3,497",0.53,11.365339578454332,52.457455113192815,0.08169398907103825,1015.4305230288837
2017-10-27,NATIONAL,VEGETABLES,CABBAGE,ROUND GREEN TYPE,,,per pound,"3,284",0.51,11.379658385093167,52.48136645962733,0.0813858695652174,1015.4460403726708
2017-11-03,NATIONAL,VEGETABLES,CABBAGE,ROUND GREEN TYPE,,,per pound,"3,407",0.61,11.379256965944272,52.47987616099071,0.08115325077399381,1015.4564628482972
2017-11-10,NATIONAL,VEGETABLES,CABBAGE,ROUND GREEN TYPE,,,per pound,"1,860",0.48,11.365665896843726,52.45573518090839,0.08137028483448806,1015.469688221709
2017-11-17,NATIONAL,VEGETABLES,CABBAGE,ROUND GREEN TYPE,,,per pound,"1,703",0.43,11.349157733537519,52.42649310872894,0.08128828483920367,1015.4991385911179
2017-11-24,NATIONAL,VEGETABLES,CABBAGE,ROUND GREEN TYPE,,,per pound,"2,132",0.46,11.338156892612338,52.40822543792841,0.08101675552170602,1015.4766755521706
2017-12-01,NATIONAL,VEGETABLES,CABBAGE,ROUND GREEN TYPE,,,per pound,"4,480",0.47,11.315629742033384,52.365705614567524,0.08081373292867983,1015.4790402124431
2017-12-08,NATIONAL,VEGETABLES,CABBAGE,ROUND GREEN TYPE,,,per pound,"3,689",0.47,11.292075471698114,52.32301886792453,0.08058490566037736,1015.5283962264151
2017-12-15,NATIONAL,VEGETABLES,CABBAGE,ROUND GREEN TYPE,,,per pound,"1,215",0.46,11.25,52.24474474474474,0.08156906906906908,1015.4283971471472
2017-12-22,NATIONAL,VEGETABLES,CABBAGE,ROUND GREEN TYPE,,,per pound,"1,397",0.44,11.221807318894697,52.194921583271096,0.08123599701269604,1015.5026138909634
2017-12-29,NATIONAL,VEGETABLES,CABBAGE,ROUND GREEN TYPE,,,per pound,"8,197",0.43,11.202973977695168,52.15910780669145,0.08226765799256507,1015.4709107806691
2018-01-05,NATIONAL,VEGETABLES,CABBAGE,ROUND GREEN TYPE,,,per pound,"2,094",0.57,11.19037037037037,52.136296296296294,0.0825462962962963,1015.4064814814815
2018-01-12,NATIONAL,VEGETABLES,CABBAGE,ROUND GREEN TYPE,,,per pound,"1,341",0.52,11.160648489314665,52.08400884303611,0.08218496683861459,1015.4084377302873
2018-01-19,NATIONAL,VEGETABLES,CABBAGE,ROUND GREEN TYPE,,,per pound,"1,792",0.63,11.133431085043988,52.03592375366569,0.08215725806451613,1015.3626282991203
2018-01-26,NATIONAL,VEGETABLES,CABBAGE,ROUND GREEN TYPE,,,per pound,"3,072",0.48,11.11159737417943,51.99708242159008,0.0825309992706054,1015.3388949671772
2018-02-02,NATIONAL,VEGETABLES,CABBAGE,ROUND GREEN TYPE,,,per pound,814,0.55,11.100363636363637,51.975272727272724,0.08235454545454546,1015.343909090909
2018-02-09,NATIONAL,VEGETABLES,CABBAGE,ROUND GREEN TYPE,,,per pound,"1,532",0.5,11.058610709117222,51.901591895803186,0.08234442836468886,1015.3545586107091
2018-02-16,NATIONAL,VEGETABLES,CABBAGE,ROUND GREEN TYPE,,,per pound,"1,685",0.58,11.028077753779698,51.847372210223185,0.08235241180705544,1015.3277537796977
2018-02-23,NATIONAL,VEGETABLES,CABBAGE,ROUND GREEN TYPE,,,per pound,"1,274",0.53,11.000716332378223,51.79942693409742,0.08209169054441261,1015.3602256446991
2018-03-02,NATIONAL,VEGETABLES,CABBAGE,ROUND GREEN TYPE,,,per pound,"1,609",0.51,10.94440484675695,51.697790449037775,0.08202066999287241,1015.3672487526728
2018-03-16,NATIONAL,VEGETABLES,CABBAGE,ROUND GREEN TYPE,,,per pound,"15,398",0.42,10.911079745942132,51.63867325335215,0.08233944954128442,1015.1624911785462
2018-03-23,NATIONAL,VEGETABLES,CABBAGE,ROUND GREEN TYPE,,,per pound,719,0.45,10.877106741573034,51.57865168539326,0.08215414325842696,1015.1656425561798
2018-03-30,NATIONAL,VEGETABLES,CABBAGE,ROUND GREEN TYPE,,,per pound,444,0.53,10.86703988803359,51.56123163051085,0.08259272218334499,1015.1397830650805
2018-04-06,NATIONAL,VEGETABLES,CABBAGE,ROUND GREEN TYPE,,,per pound,"1,950",0.5,10.858536585365854,51.544947735191634,0.08277003484320558,1015.0933797909407
2018-04-13,NATIONAL,VEGETABLES,CABBAGE,ROUND GREEN TYPE,,,per pound,"2,109",0.5,10.855755894590846,51.54091539528433,0.08301837725381414,1015.0475034674064
2018-04-20,NATIONAL,VEGETABLES,CABBAGE,ROUND GREEN TYPE,,,per pound,"1,250",0.57,10.876466528640442,51.57971014492754,0.08261732229123533,1015.0662525879917
2018-04-27,NATIONAL,VEGETABLES,CABBAGE,ROUND GREEN TYPE,,,per pound,"2,014",0.49,10.888736263736265,51.60096153846154,0.08285542582417582,1015.059323489011
2018-05-04,NATIONAL,VEGETABLES,CABBAGE,ROUND GREEN TYPE,,,per pound,"2,209",0.55,10.8911704312115,51.60301163586585,0.08283709787816565,1015.0534736481861
2018-05-11,NATIONAL,VEGETABLES,CABBAGE,ROUND GREEN TYPE,,,per pound,697,0.52,10.91825613079019,51.654632152588555,0.0824591280653951,1015.0602861035422
2018-05-18,NATIONAL,VEGETABLES,CABBAGE,ROUND GREEN TYPE,,,per pound,"2,100",0.56,10.930847457627118,51.67525423728814,0.08221186440677965,1015.0871186440678
2018-05-25,NATIONAL,VEGETABLES,CABBAGE,ROUND GREEN TYPE,,,per pound,"1,015",0.56,10.954790823211876,51.719298245614034,0.08213562753036437,1015.1099865047233
2018-06-01,NATIONAL,VEGETABLES,CABBAGE,ROUND GREEN TYPE,,,per pound,"1,200",0.48,10.979811574697173,51.764468371467025,0.08212483176312248,1015.1168405114402
2018-06-08,NATIONAL,VEGETABLES,CABBAGE,ROUND GREEN TYPE,,,per pound,"1,496",0.61,11.010716677829873,51.821165438714,0.08175653047555259,1015.1254186202277
2018-06-15,NATIONAL,VEGETABLES,CABBAGE,ROUND GREEN TYPE,,,per pound,"1,424",0.55,11.040666666666667,51.874,0.08139166666666667,1015.1275
2018-06-22,NATIONAL,VEGETABLES,CABBAGE,ROUND GREEN TYPE,,,per pound,"1,957",0.6,11.070338420703385,51.92833443928335,0.08106337093563372,1015.155690112807
2018-06-29,NATIONAL,VEGETABLES,CABBAGE,ROUND GREEN TYPE,,,per pound,"1,971",0.54,11.10641110376735,51.99405155320555,0.08074190350297424,1015.199272967614
2018-07-06,NATIONAL,VEGETABLES,CABBAGE,ROUND GREEN TYPE,,,per pound,879,0.54,11.15009874917709,52.074391046741276,0.08042297564186966,1015.205069124424
2018-07-13,NATIONAL,VEGETABLES,CABBAGE,ROUND GREEN TYPE,,,per pound,"3,165",0.53,11.197903014416775,52.16120576671035,0.08031618610747052,1015.2434469200524
2018-07-20,NATIONAL,VEGETABLES,CABBAGE,ROUND GREEN TYPE,,,per pound,"1,197",0.53,11.247879973907372,52.25179386823223,0.08007175472928897,1015.2512230919765
2018-07-27,NATIONAL,VEGETABLES,CABBAGE,ROUND GREEN TYPE,,,per pound,"2,066",0.57,11.308441558441558,52.36038961038961,0.07978084415584416,1015.2478084415584
2018-08-03,NATIONAL,VEGETABLES,CABBAGE,ROUND GREEN TYPE,,,per pound,"1,812",0.55,11.336787564766839,52.4119170984456,0.07967130829015544,1015.255829015544
2018-08-10,NATIONAL,VEGETABLES,CABBAGE,ROUND GREEN TYPE,,,per pound,"2,107",0.58,11.384268214055448,52.497098646034814,0.0803030303030303,1015.2586234687299
2018-08-17,NATIONAL,VEGETABLES,CABBAGE,ROUND GREEN TYPE,,,per pound,"1,008",0.54,11.417843388960206,52.557766367137354,0.08052792041078305,1015.2585044929397
2018-08-24,NATIONAL,VEGETABLES,CABBAGE,ROUND GREEN TYPE,,,per pound,"2,618",0.53,11.454952076677316,52.623642172523965,0.08023961661341852,1015.2687699680512
2018-08-31,NATIONAL,VEGETABLES,CABBAGE,ROUND GREEN TYPE,,,per pound,789,0.51,11.467176545570426,52.64627151051625,0.08064053537284895,1015.2643403441682
2018-09-07,NATIONAL,VEGETABLES,CABBAGE,ROUND GREEN TYPE,,,per pound,"1,651",0.56,11.49492385786802,52.69543147208122,0.08032994923857868,1015.2876744923858
2018-09-14,NATIONAL,VEGETABLES,CABBAGE,ROUND GREEN TYPE,,,per pound,"3,197",0.51,11.518003790271637,52.73720783322805,0.08006159191408717,1015.3105653821857
2018-09-21,NATIONAL,VEGETABLES,CABBAGE,ROUND GREEN TYPE,,,per pound,"1,965",0.49,11.547169811320755,52.79056603773585,0.07981132075471699,1015.3029088050314
2018-09-28,NATIONAL,VEGETABLES,CABBAGE,ROUND GREEN TYPE,,,per pound,"2,607",0.55,11.555416405760802,52.805259862241705,0.08005635566687538,1015.3595021916093
2018-10-05,NATIONAL,VEGETABLES,CABBAGE,ROUND GREEN TYPE,,,per pound,"1,123",0.55,11.564918851435705,52.822721598002495,0.07982990012484394,1015.3810081148564
2018-10-12,NATIONAL,VEGETABLES,CABBAGE,ROUND GREEN TYPE,,,per pound,"1,519",0.54,11.579863269111248,52.84773151025482,0.0798088875077688,1015.3756215040398
2018-10-19,NATIONAL,VEGETABLES,CABBAGE,ROUND GREEN TYPE,,,per pound,"2,789",0.51,11.594678217821782,52.87438118811881,0.08003558168316832,1015.3796410891089
2018-10-26,NATIONAL,VEGETABLES,CABBAGE,ROUND GREEN TYPE,,,per pound,"1,158",0.49,11.596426370918053,52.87677141096734,0.07971349353049907,1015.4284504004929
2018-11-02,NATIONAL,VEGETABLES,CABBAGE,ROUND GREEN TYPE,,,per pound,"3,048",0.5,11.586355255070682,52.85925015365704,0.079740319606638,1015.4273970497849
2018-11-09,NATIONAL,VEGETABLES,CABBAGE,ROUND GREEN TYPE,,,per pound,"1,246",0.57,11.585067319461444,52.856181150550796,0.07965881272949817,1015.3957313341493
2018-11-16,NATIONAL,VEGETABLES,CABBAGE,ROUND GREEN TYPE,,,per pound,727,0.47,11.585618525289458,52.85679463741621,0.0797151127361365,1015.385054844607
2018-11-23,NATIONAL,VEGETABLES,CABBAGE,ROUND GREEN TYPE,,,per pound,726,0.54,11.563106796116505,52.81917475728155,0.07952821601941748,1015.3971480582525
2018-11-30,NATIONAL,VEGETABLES,CABBAGE,ROUND GREEN TYPE,,,per pound,"1,732",0.54,11.551724137931034,52.799758015728976,0.07959013914095583,1015.3846037507562
2018-12-07,NATIONAL,VEGETABLES,CABBAGE,ROUND GREEN TYPE,,,per pound,"1,124",0.65,11.548795180722891,52.793373493975906,0.08009789156626505,1015.3528614457831
2018-12-14,NATIONAL,VEGETABLES,CABBAGE,ROUND GREEN TYPE,,,per pound,"1,505",0.57,11.527894421115777,52.75464907018596,0.07978404319136173,1015.363677264547
2018-12-21,NATIONAL,VEGETABLES,CABBAGE,ROUND GREEN TYPE,,,per pound,428,0.55,11.513142174432497,52.727598566308245,0.08011499402628434,1015.3340800477897
2018-12-28,NATIONAL,VEGETABLES,CABBAGE,ROUND GREEN TYPE,,,per pound,"3,912",0.61,11.496133254015467,52.696014277215944,0.07998958953004162,1015.380502676978
2019-01-04,NATIONAL,VEGETABLES,CABBAGE,ROUND GREEN TYPE,,,per pound,"2,924",0.59,11.47893175074184,52.66409495548962,0.07979970326409494,1015.4407270029674
2019-01-11,NATIONAL,VEGETABLES,CABBAGE,ROUND GREEN TYPE,,,per pound,"1,194",0.59,11.453309692671395,52.61702127659574,0.07946956264775412,1015.5096040189126
2019-01-18,NATIONAL,VEGETABLES,CABBAGE,ROUND GREEN TYPE,,,per pound,864,0.57,11.432607416127134,52.58034137728075,0.07920100058858152,1015.5101530311948
2019-01-25,NATIONAL,VEGETABLES,CABBAGE,ROUND GREEN TYPE,,,per pound,"1,444",0.71,11.398593200468934,52.51875732708089,0.07916910902696365,1015.4915005861665
2019-02-01,NATIONAL,VEGETABLES,CABBAGE,ROUND GREEN TYPE,,,per pound,554,0.68,11.383040935672515,52.49122807017544,0.0792909356725146,1015.447149122807
2019-02-08,NATIONAL,VEGETABLES,CABBAGE,ROUND GREEN TYPE,,,per pound,709,0.68,11.362259755387303,52.45311589982528,0.07949912638322656,1015.4384828188702
2019-02-15,NATIONAL,VEGETABLES,CABBAGE,ROUND GREEN TYPE,,,per pound,"1,151",0.55,11.344547563805104,52.42169373549884,0.07933584686774943,1015.4593242459397
2019-02-22,NATIONAL,VEGETABLES,CABBAGE,ROUND GREEN TYPE,,,per pound,"2,326",0.62,11.335066435586366,52.40496822645869,0.0790583477758521,1015.484763142692
2019-03-01,NATIONAL,VEGETABLES,CABBAGE,ROUND GREEN TYPE,,,per pound,"1,051",0.68,11.332566168009206,52.399884925201384,0.07881904487917146,1015.5356731875719
2019-03-08,NATIONAL,VEGETABLES,CABBAGE,ROUND GREEN TYPE,,,per pound,"2,741",0.55,11.325501432664757,52.38681948424069,0.07911174785100286,1015.4722063037249
2019-03-15,NATIONAL,VEGETABLES,CABBAGE,ROUND GREEN TYPE,,,per pound,"15,319",0.45,11.3162100456621,52.37100456621005,0.07945918949771688,1015.4510559360731
2019-03-22,NATIONAL,VEGETABLES,CABBAGE,ROUND GREEN TYPE,,,per pound,745,0.54,11.309835133598636,52.35929505400796,0.0792708925525867,1015.4732092097782
2019-03-29,NATIONAL,VEGETABLES,CABBAGE,ROUND GREEN TYPE,,,per pound,927,0.61,11.302549575070822,52.34674220963173,0.0790014164305949,1015.5322946175637
2019-04-05,NATIONAL,VEGETABLES,CABBAGE,ROUND GREEN TYPE,,,per pound,"2,435",0.57,11.292090395480226,52.32768361581921,0.078954802259887,1015.5006355932203
2019-04-12,NATIONAL,VEGETABLES,CABBAGE,ROUND GREEN TYPE,,,per pound,"2,066",0.52,11.28306133933596,52.31176139561058,0.07894625773776026,1015.5012661789533
2019-04-19,NATIONAL,VEGETABLES,CABBAGE,ROUND GREEN TYPE,,,per pound,"3,130",0.55,11.279708520179373,52.30773542600897,0.07867152466367715,1015.5298486547085
2019-04-26,NATIONAL,VEGETABLES,CABBAGE,ROUND GREEN TYPE,,,per pound,"2,273",0.58,11.293132328308207,52.3322166387493,0.07854550530429928,1015.501535455053
2019-05-03,NATIONAL,VEGETABLES,CABBAGE,ROUND GREEN TYPE,,,per pound,"1,464",0.53,11.293986636971047,52.33240534521158,0.07859131403118039,1015.500556792873
2019-05-10,NATIONAL,VEGETABLES,CABBAGE,ROUND GREEN TYPE,,,per pound,"1,388",0.57,11.29173599556295,52.327232390460345,0.07891014975041596,1015.4862728785358
2019-05-17,NATIONAL,VEGETABLES,CABBAGE,ROUND GREEN TYPE,,,per pound,"2,510",0.55,11.296685082872928,52.3353591160221,0.07867403314917128,1015.5280386740332
2019-05-24,NATIONAL,VEGETABLES,CABBAGE,ROUND GREEN TYPE,,,per pound,887,0.53,11.314254265272426,52.36653824986241,0.07837782058337919,1015.5238717666483
2019-05-31,NATIONAL,VEGETABLES,CABBAGE,ROUND GREEN TYPE,,,per pound,"1,266",0.61,11.324546952224052,52.384404173531024,0.07839099395936298,1015.5196320702911
2019-06-07,NATIONAL,VEGETABLES,CABBAGE,ROUND GREEN TYPE,,,per pound,"2,215",0.6,11.344091903719912,52.419584245076585,0.07871991247264769,1015.4971963894967
2019-06-14,NATIONAL,VEGETABLES,CABBAGE,ROUND GREEN TYPE,,,per pound,"1,665",0.6,11.354768392370572,52.438692098092645,0.07987057220708448,1015.483583106267
2019-06-21,NATIONAL,VEGETABLES,CABBAGE,ROUND GREEN TYPE,,,per pound,713,0.59,11.373507057546146,52.4728555917481,0.07976384364820847,1015.4790309446254
2019-06-28,NATIONAL,VEGETABLES,CABBAGE,ROUND GREEN TYPE,,,per pound,"1,617",0.6,11.400216333153056,52.521362898864254,0.08011087074094105,1015.5029745808545
2019-07-05,NATIONAL,VEGETABLES,CABBAGE,ROUND GREEN TYPE,,,per pound,950,0.55,11.420711974110032,52.55825242718446,0.0798948220064725,1015.5227885652642
2019-07-12,NATIONAL,VEGETABLES,CABBAGE,ROUND GREEN TYPE,,,per pound,"2,656",0.62,11.45029554003224,52.612036539494895,0.0797487909725954,1015.5284121440086
2019-07-19,NATIONAL,VEGETABLES,CABBAGE,ROUND GREEN TYPE,,,per pound,"1,828",0.57,11.478051391862955,52.66327623126338,0.07968415417558888,1015.5353319057816
2019-07-26,NATIONAL,VEGETABLES,CABBAGE,ROUND GREEN TYPE,,,per pound,"1,729",0.62,11.5232,52.74346666666667,0.07991333333333334,1015.5311333333333
2019-08-02,NATIONAL,VEGETABLES,CABBAGE,ROUND GREEN TYPE,,,per pound,"3,625",0.64,11.539648749334752,52.77275146354444,0.0800758382118148,1015.5237493347526
2019-08-09,NATIONAL,VEGETABLES,CABBAGE,ROUND GREEN TYPE,,,per pound,"2,066",0.57,11.571580063626723,52.82979851537646,0.08010339342523859,1015.5019883351007
2019-08-16,NATIONAL,VEGETABLES,CABBAGE,ROUND GREEN TYPE,,,per pound,"1,337",0.6,11.594294770206023,52.868991019545696,0.08020998415213947,1015.4885103011094
2019-08-23,NATIONAL,VEGETABLES,CABBAGE,ROUND GREEN TYPE,,,per pound,"1,087",0.6,11.618947368421052,52.91368421052631,0.08004605263157895,1015.494802631579
2019-08-30,NATIONAL,VEGETABLES,CABBAGE,ROUND GREEN TYPE,,,per pound,"1,126",0.47,11.6498687664042,52.971128608923884,0.07996062992125984,1015.4971784776903
2019-09-06,NATIONAL,VEGETABLES,CABBAGE,ROUND GREEN TYPE,,,per pound,"2,110",0.49,11.665096807953951,52.99738356881214,0.07980115122972266,1015.513801674516
2019-09-13,NATIONAL,VEGETABLES,CABBAGE,ROUND GREEN TYPE,,,per pound,"3,811",0.54,11.681438998957248,53.02606882168926,0.07964676746611053,1015.5387122002086
2019-09-20,NATIONAL,VEGETABLES,CABBAGE,ROUND GREEN TYPE,,,per pound,"1,831",0.51,11.698701298701298,53.0587012987013,0.07935714285714285,1015.58
2019-09-27,NATIONAL,VEGETABLES,CABBAGE,ROUND GREEN TYPE,,,per pound,"3,182",0.54,11.719979296066253,53.09679089026915,0.08016951345755693,1015.542637163561
2019-10-04,NATIONAL,VEGETABLES,CABBAGE,ROUND GREEN TYPE,,,per pound,"2,970",0.5,11.724832214765101,53.105317501290656,0.08056917914300464,1015.5273618998451
2019-10-11,NATIONAL,VEGETABLES,CABBAGE,ROUND GREEN TYPE,,,per pound,"2,648",0.54,11.731995884773662,53.11985596707819,0.08097993827160495,1015.5062371399177
2019-10-18,NATIONAL,VEGETABLES,CABBAGE,ROUND GREEN TYPE,,,per pound,"2,139",0.52,11.737570476678627,53.129164531009735,0.0816888774987186,1015.4655304971809
2019-10-25,NATIONAL,VEGETABLES,CABBAGE,ROUND GREEN TYPE,,,per pound,"1,513",0.53,11.736976506639428,53.128192032686414,0.08173518896833504,1015.4510980592441
2019-11-01,NATIONAL,VEGETABLES,CABBAGE,ROUND GREEN TYPE,,,per pound,"1,932",0.55,11.735474006116208,53.12538226299694,0.08176605504587156,1015.4477573904179
2019-11-08,NATIONAL,VEGETABLES,CABBAGE,ROUND GREEN TYPE,,,per pound,"2,629",0.55,11.727272727272727,53.11071609954291,0.08189436262061961,1015.3643981716607
2019-11-15,NATIONAL,VEGETABLES,CABBAGE,ROUND GREEN TYPE,,,per pound,"2,666",0.54,11.709514170040485,53.078947368421055,0.08228744939271254,1015.3173076923077
2019-11-22,NATIONAL,VEGETABLES,CABBAGE,ROUND GREEN TYPE,,,per pound,732,0.52,11.689359556227938,53.043368633383764,0.08206631366616239,1015.2932425617751
2019-11-29,NATIONAL,VEGETABLES,CABBAGE,ROUND GREEN TYPE,,,per pound,"1,208",0.56,11.68426344896933,53.03368526897939,0.0823403720462544,1015.2332202111614
2019-12-06,NATIONAL,VEGETABLES,CABBAGE,ROUND GREEN TYPE,,,per pound,"2,331",0.58,11.665664160401002,52.99949874686717,0.08215538847117794,1015.2523182957393
2019-12-13,NATIONAL,VEGETABLES,CABBAGE,ROUND GREEN TYPE,,,per pound,"2,111",0.57,11.650849150849151,52.973026973026975,0.08241133866133867,1015.2028596403596
2019-12-20,NATIONAL,VEGETABLES,CABBAGE,ROUND GREEN TYPE,,,per pound,"1,266",0.62,11.63862618218019,52.951219512195124,0.08333748133399702,1015.1341463414634
2019-12-27,NATIONAL,VEGETABLES,CABBAGE,ROUND GREEN TYPE,,,per pound,"6,172",0.49,11.625496031746032,52.92757936507937,0.08346974206349206,1015.1036086309524
2020-01-03,NATIONAL,VEGETABLES,CABBAGE,ROUND GREEN TYPE,,,per pound,"2,855",0.59,11.617821782178218,52.912871287128716,0.08339108910891088,1015.1275371287129
2020-01-10,NATIONAL,VEGETABLES,CABBAGE,ROUND GREEN TYPE,,,per pound,"2,637",0.54,11.604341391218549,52.88899851998027,0.08325111001480019,1015.1544770596942
2020-01-17,NATIONAL,VEGETABLES,CABBAGE,ROUND GREEN TYPE,,,per pound,"1,719",0.52,11.593411996066862,52.86873156342183,0.08364675516224188,1015.1404252704032
2020-01-24,NATIONAL,VEGETABLES,CABBAGE,ROUND GREEN TYPE,,,per pound,"4,959",0.6,11.569328760411564,52.82361587457129,0.08335987261146496,1015.2115384615385
2020-01-31,NATIONAL,VEGETABLES,CABBAGE,ROUND GREEN TYPE,,,per pound,"1,369",0.46,11.558924205378974,52.805378973105135,0.08342909535452323,1015.193520782396
2020-02-07,NATIONAL,VEGETABLES,CABBAGE,ROUND GREEN TYPE,,,per pound,"3,350",0.59,11.543859649122806,52.778265107212476,0.08333333333333333,1015.2071150097466
2020-02-14,NATIONAL,VEGETABLES,CABBAGE,ROUND GREEN TYPE,,,per pound,"2,252",0.53,11.52938319572608,52.75133559980573,0.08337785332685771,1015.1787882467218
2020-02-21,NATIONAL,VEGETABLES,CABBAGE,ROUND GREEN TYPE,,,per pound,"3,962",0.55,11.517424975798646,52.72991287512101,0.08365198451113262,1015.1704380445304
2020-02-28,NATIONAL,VEGETABLES,CABBAGE,ROUND GREEN TYPE,,,per pound,"1,416",0.47,11.502170767004342,52.702846116739025,0.0839001447178003,1015.149843222383
2020-03-06,NATIONAL,VEGETABLES,CABBAGE,ROUND GREEN TYPE,,,per pound,"4,172",0.55,11.483653846153846,52.66875,0.08436298076923078,1015.0833533653846
2020-03-13,NATIONAL,VEGETABLES,CABBAGE,ROUND GREEN TYPE,,,per pound,"13,676",0.41,11.47532343076186,52.65404887398179,0.08419381887877335,1015.069118351701
2020-03-20,NATIONAL,VEGETABLES,CABBAGE,ROUND GREEN TYPE,,,per pound,"2,187",0.51,11.465616045845271,52.6370582617001,0.08401384909264566,1015.0885864374403
2020-03-27,NATIONAL,VEGETABLES,CABBAGE,ROUND GREEN TYPE,,,per pound,806,0.45,11.450261780104713,52.60970966206568,0.08373393622084722,1015.1242265587815
2020-04-03,NATIONAL,VEGETABLES,CABBAGE,ROUND GREEN TYPE,,,per pound,"2,323",0.58,11.443230403800476,52.59667458432304,0.0835748218527316,1015.1372327790974
2020-04-10,NATIONAL,VEGETABLES,CABBAGE,ROUND GREEN TYPE,,,per pound,618,0.47,11.449337121212121,52.60748106060606,0.08335700757575758,1015.1614583333334
2020-04-17,NATIONAL,VEGETABLES,CABBAGE,ROUND GREEN TYPE,,,per pound,"2,949",0.52,11.451628126474752,52.61160924964606,0.08321142048135913,1015.180981595092
2020-04-24,NATIONAL,VEGETABLES,CABBAGE,ROUND GREEN TYPE,,,per pound,"1,717",0.48,11.455315145813735,52.61806208842898,0.08301975540921919,1015.1913217309501
2020-05-01,NATIONAL,VEGETABLES,CABBAGE,ROUND GREEN TYPE,,,per pound,"1,441",0.53,11.457062412013139,52.62130455185359,0.08320624120131394,1015.1737447207884
2020-05-08,NATIONAL,VEGETABLES,CABBAGE,ROUND GREEN TYPE,,,per pound,945,0.48,11.462114125350794,52.63049579045837,0.08293381665107577,1015.186506080449
2020-05-15,NATIONAL,VEGETABLES,CABBAGE,ROUND GREEN TYPE,,,per pound,"1,941",0.52,11.460606060606061,52.62750582750583,0.08266317016317017,1015.1960372960373
2020-05-22,NATIONAL,VEGETABLES,CABBAGE,ROUND GREEN TYPE,,,per pound,641,0.53,11.478159851301115,52.66031598513011,0.0823942843866171,1015.2178206319703
2020-05-29,NATIONAL,VEGETABLES,CABBAGE,ROUND GREEN TYPE,,,per pound,490,0.43,11.493975903614459,52.68906394810009,0.08216519925857275,1015.2656394810009
2020-06-05,NATIONAL,VEGETABLES,CABBAGE,ROUND GREEN TYPE,,,per pound,"1,593",0.49,11.503467406380027,52.70550161812298,0.08199260286638929,1015.2542764678687
2020-06-12,NATIONAL,VEGETABLES,CABBAGE,ROUND GREEN TYPE,,,per pound,284,0.54,11.511520737327189,52.71981566820276,0.08199308755760369,1015.2408410138249
2020-06-19,NATIONAL,VEGETABLES,CABBAGE,ROUND GREEN TYPE,,,per pound,"2,053",0.59,11.532843362425355,52.75654570509876,0.08238401469912723,1015.232889297198
2020-06-26,NATIONAL,VEGETABLES,CABBAGE,ROUND GREEN TYPE,,,per pound,480,0.6,11.562271062271062,52.809065934065934,0.08215430402930403,1015.2445054945055
2020-07-03,NATIONAL,VEGETABLES,CABBAGE,ROUND GREEN TYPE,,,per pound,296,0.57,11.574691640018273,52.831886706258565,0.08206943809958886,1015.2308702603929
2020-07-10,NATIONAL,VEGETABLES,CABBAGE,ROUND GREEN TYPE,,,per pound,800,0.61,11.591074681238617,52.861566484517304,0.08206967213114755,1015.2303620218579
2020-07-17,NATIONAL,VEGETABLES,CABBAGE,ROUND GREEN TYPE,,,per pound,"2,446",0.62,11.613254652746255,52.900590104403086,0.08191103041307307,1015.2502837040399
2020-07-24,NATIONAL,VEGETABLES,CABBAGE,ROUND GREEN TYPE,,,per pound,"1,636",0.68,11.63393665158371,52.93846153846154,0.08179298642533936,1015.2649886877828
2020-07-31,NATIONAL,VEGETABLES,CABBAGE,ROUND GREEN TYPE,,,per pound,"2,389",0.61,11.645438121047878,52.95889792231256,0.08203477868112015,1015.2551942186088
2020-08-07,NATIONAL,VEGETABLES,CABBAGE,ROUND GREEN TYPE,,,per pound,"2,079",0.65,11.674921206663665,53.011256190904994,0.08177622692480864,1015.2568099954975
2020-08-14,NATIONAL,VEGETABLES,CABBAGE,ROUND GREEN TYPE,,,per pound,"2,790",0.63,11.717684021543986,53.08842010771993,0.08220938061041293,1015.252356373429
2020-08-21,NATIONAL,VEGETABLES,CABBAGE,ROUND GREEN TYPE,,,per pound,"2,615",0.59,11.744071588366891,53.13512304250559,0.08253355704697986,1015.2267897091723
2020-08-28,NATIONAL,VEGETABLES,CABBAGE,ROUND GREEN TYPE,,,per pound,"1,867",0.6,11.761819803746654,53.167261373773414,0.08305642283675291,1015.2106378233719
2020-09-04,NATIONAL,VEGETABLES,CABBAGE,ROUND GREEN TYPE,,,per pound,"1,578",0.64,11.770703472840605,53.183437221727516,0.0830086821015138,1015.217998664292
2020-09-11,NATIONAL,VEGETABLES,CABBAGE,ROUND GREEN TYPE,,,per pound,"3,898",0.57,11.785619174434087,53.21083000443853,0.08276742121615624,1015.2371282734132
2020-09-18,NATIONAL,VEGETABLES,CABBAGE,ROUND GREEN TYPE,,,per pound,"2,334",0.58,11.807522123893806,53.25,0.08251106194690266,1015.2568584070797
2020-09-25,NATIONAL,VEGETABLES,CABBAGE,ROUND GREEN TYPE,,,per pound,"2,324",0.61,11.820026466696074,53.273930304367006,0.0825264666960741,1015.2378142920159
2020-10-02,NATIONAL,VEGETABLES,CABBAGE,ROUND GREEN TYPE,,,per pound,"2,639",0.63,11.821742957746478,53.27772887323944,0.08290602992957748,1015.2160541373239
2020-10-09,NATIONAL,VEGETABLES,CABBAGE,ROUND GREEN TYPE,,,per pound,"2,473",0.64,11.82492321193506,53.283018867924525,0.08397871873628784,1015.1701404124616
2020-10-16,NATIONAL,VEGETABLES,CABBAGE,ROUND GREEN TYPE,,,per pound,"1,494",0.62,11.82108486439195,53.27515310586177,0.08384733158355206,1015.1856955380578
2020-10-23,NATIONAL,VEGETABLES,CABBAGE,ROUND GREEN TYPE,,,per pound,"1,535",0.53,11.824247710423027,53.28129088530309,0.08404928041866551,1015.174225904928
2020-10-30,NATIONAL,VEGETABLES,CABBAGE,ROUND GREEN TYPE,,,per pound,"1,767",0.59,11.822454308093995,53.27763272410792,0.08425805047867711,1015.1432767624021
2020-11-06,NATIONAL,VEGETABLES,CABBAGE,ROUND GREEN TYPE,,,per pound,"2,353",0.62,11.817274305555555,53.268229166666664,0.08425021701388889,1015.1594509548611
2020-11-13,NATIONAL,VEGETABLES,CABBAGE,ROUND GREEN TYPE,,,per pound,"1,337",0.58,11.816096927736911,53.26611856339247,0.08416270012981393,1015.1683794893985
2020-11-20,NATIONAL,VEGETABLES,CABBAGE,ROUND GREEN TYPE,,,per pound,935,0.55,11.81190681622088,53.2588438308887,0.08426445211389127,1015.1709447799827
2020-11-27,NATIONAL,VEGETABLES,CABBAGE,ROUND GREEN TYPE,,,per pound,"1,048",0.57,11.803440860215053,53.24301075268817,0.08401612903225807,1015.1887634408603
2020-12-04,NATIONAL,VEGETABLES,CABBAGE,ROUND GREEN TYPE,,,per pound,"2,958",0.62,11.790128755364806,53.21931330472103,0.08422210300429185,1015.1710300429185
2020-12-11,NATIONAL,VEGETABLES,CABBAGE,ROUND GREEN TYPE,,,per pound,"2,649",0.63,11.770646127513906,53.18399657680787,0.08419448010269576,1015.1205605477107
2020-12-18,NATIONAL,VEGETABLES,CABBAGE,ROUND GREEN TYPE,,,per pound,729,0.47,11.76066552901024,53.16595563139932,0.08417235494880547,1015.0911902730376
2021-01-01,NATIONAL,VEGETABLES,CABBAGE,ROUND GREEN TYPE,,,per pound,"5,566",0.51,11.736730360934182,53.12229299363057,0.08442675159235669,1015.0495753715498
2021-01-08,NATIONAL,VEGETABLES,CABBAGE,ROUND GREEN TYPE,,,per pound,"2,362",0.54,11.709144792548688,53.07197290431837,0.08426651143099069,1015.0607535986452
2021-01-15,NATIONAL,VEGETABLES,CABBAGE,ROUND GREEN TYPE,,,per pound,"1,747",0.53,11.685099197973829,53.0295483326298,0.08471929084001688,1015.0790417897847
2021-01-22,NATIONAL,VEGETABLES,CABBAGE,ROUND GREEN TYPE,,,per pound,"2,418",0.63,11.669191919191919,53.00042087542087,0.08493265993265993,1015.0474537037037
2021-01-29,NATIONAL,VEGETABLES,CABBAGE,ROUND GREEN TYPE,,,per pound,"4,716",0.62,11.649454240134341,52.96599496221663,0.08492863140218303,1015.0240869017632
2021-02-05,NATIONAL,VEGETABLES,CABBAGE,ROUND GREEN TYPE,,,per pound,"1,131",0.61,11.639296187683284,52.94805194805195,0.0853477167993297,1014.9948156682028
2021-02-12,NATIONAL,VEGETABLES,CABBAGE,ROUND GREEN TYPE,,,per pound,"1,068",0.61,11.604427736006683,52.88471177944862,0.08535401002506264,1014.9879908103592
2021-02-19,NATIONAL,VEGETABLES,CABBAGE,ROUND GREEN TYPE,,,per pound,"3,865",0.62,11.58725531028738,52.85422740524781,0.08536547271970012,1014.9916701374427
2021-02-26,NATIONAL,VEGETABLES,CABBAGE,ROUND GREEN TYPE,,,per pound,"1,944",0.59,11.58388704318937,52.84925249169435,0.08513808139534883,1015.0031665282391
2021-03-05,NATIONAL,VEGETABLES,CABBAGE,ROUND GREEN TYPE,,,per pound,"2,217",0.58,11.56935817805383,52.823188405797104,0.08494824016563148,1015.0510869565218
2021-03-12,NATIONAL,VEGETABLES,CABBAGE,ROUND GREEN TYPE,,,per pound,"13,763",0.45,11.553674649050372,52.79479768786127,0.08478530140379852,1015.0571841453344
2021-03-19,NATIONAL,VEGETABLES,CABBAGE,ROUND GREEN TYPE,,,per pound,"3,067",0.54,11.542610127624537,52.77480444627419,0.08471078633182379,1015.0729209551256
2021-03-26,NATIONAL,VEGETABLES,CABBAGE,ROUND GREEN TYPE,,,per pound,"1,080",0.73,11.53407224958949,52.758620689655174,0.08453407224958949,1015.0932881773399
2021-04-02,NATIONAL,VEGETABLES,CABBAGE,ROUND GREEN TYPE,,,per pound,"1,231",0.5,11.529918032786885,52.751639344262294,0.0843954918032787,1015.1065573770492
2021-04-09,NATIONAL,VEGETABLES,CABBAGE,ROUND GREEN TYPE,,,per pound,"1,645",0.54,11.514507560277892,52.724152022885164,0.0841744993870045,1015.1245402533715
2021-04-16,NATIONAL,VEGETABLES,CABBAGE,ROUND GREEN TYPE,,,per pound,837,0.56,11.49877750611247,52.69519152404238,0.08399551752241238,1015.1593826405868
2021-04-23,NATIONAL,VEGETABLES,CABBAGE,ROUND GREEN TYPE,,,per pound,986,0.58,11.491263713937423,52.6834620073141,0.08376168224299065,1015.1862047947989
2021-04-30,NATIONAL,VEGETABLES,CABBAGE,ROUND GREEN TYPE,,,per pound,"1,375",0.62,11.48499594484996,52.67234387672344,0.08363240064882402,1015.195103406326
2021-05-07,NATIONAL,VEGETABLES,CABBAGE,ROUND GREEN TYPE,,,per pound,780,0.56,11.47634452082491,52.65750101091791,0.0836231298018601,1015.1841386979378
2021-05-14,NATIONAL,VEGETABLES,CABBAGE,ROUND GREEN TYPE,,,per pound,"1,627",0.63,11.477822580645162,52.65887096774193,0.0836945564516129,1015.1571572580646
2021-05-21,NATIONAL,VEGETABLES,CABBAGE,ROUND GREEN TYPE,,,per pound,"1,010",0.53,11.474869320466425,52.65540812223563,0.08417772416566145,1015.136962203458
2021-05-28,NATIONAL,VEGETABLES,CABBAGE,ROUND GREEN TYPE,,,per pound,938,0.55,11.474739374498798,52.65477145148356,0.08427726543704891,1015.1294607056936
2021-06-04,NATIONAL,VEGETABLES,CABBAGE,ROUND GREEN TYPE,,,per pound,"1,901",0.65,11.485188150520417,52.67333867093675,0.08429243394715773,1015.134807846277
2021-06-11,NATIONAL,VEGETABLES,CABBAGE,ROUND GREEN TYPE,,,per pound,"1,009",0.63,11.50499001996008,52.70818363273453,0.08407185628742515,1015.1567365269461
2021-06-18,NATIONAL,VEGETABLES,CABBAGE,ROUND GREEN TYPE,,,per pound,729,0.58,11.527070063694268,52.74761146496815,0.08565386146496815,1015.1656050955414
2021-06-25,NATIONAL,VEGETABLES,CABBAGE,ROUND GREEN TYPE,,,per pound,"2,186",0.76,11.535529972211195,52.761810242159584,0.0860956728860659,1015.171248511314
2021-07-02,NATIONAL,VEGETABLES,CABBAGE,ROUND GREEN TYPE,,,per pound,533,0.51,11.545562599049129,52.78050713153724,0.08630150554675119,1015.1744255150554
2021-07-09,NATIONAL,VEGETABLES,CABBAGE,ROUND GREEN TYPE,,,per pound,"1,394",0.61,11.560252864480443,52.8064006321612,0.08643322797313314,1015.1633741604109
2021-07-16,NATIONAL,VEGETABLES,CABBAGE,ROUND GREEN TYPE,,,per pound,"2,410",0.61,11.576832151300236,52.8360914105595,0.08668735224586288,1015.1700157604413
2021-07-23,NATIONAL,VEGETABLES,CABBAGE,ROUND GREEN TYPE,,,per pound,"1,767",0.61,11.604322200392927,52.88565815324165,0.08649803536345776,1015.1914047151276
2021-07-30,NATIONAL,VEGETABLES,CABBAGE,ROUND GREEN TYPE,,,per pound,"1,219",0.56,11.618039215686274,52.91058823529412,0.08679901960784314,1015.1788235294117
2021-08-06,NATIONAL,VEGETABLES,CABBAGE,ROUND GREEN TYPE,,,per pound,"2,381",0.63,11.630672926447575,52.933098591549296,0.0867566510172144,1015.1664710485134
2021-08-13,NATIONAL,VEGETABLES,CABBAGE,ROUND GREEN TYPE,,,per pound,"2,233",0.61,11.646898166211471,52.96137339055794,0.08676843542723371,1015.1601638704643
2021-08-20,NATIONAL,VEGETABLES,CABBAGE,ROUND GREEN TYPE,,,per pound,"2,629",0.62,11.663813229571984,52.99182879377432,0.08660992217898832,1015.1648346303502
2021-08-27,NATIONAL,VEGETABLES,CABBAGE,ROUND GREEN TYPE,,,per pound,"2,110",0.63,11.679472254559565,53.019790454016295,0.08661233993015134,1015.1848079161816
2021-09-03,NATIONAL,VEGETABLES,CABBAGE,ROUND GREEN TYPE,,,per pound,"1,339",0.59,11.686943045331267,53.03293297171639,0.08647810925997676,1015.2013754358776
2021-09-10,NATIONAL,VEGETABLES,CABBAGE,ROUND GREEN TYPE,,,per pound,"2,559",0.61,11.707882534775889,53.07032457496136,0.08636495363214837,1015.2061920401854
2021-09-17,NATIONAL,VEGETABLES,CABBAGE,ROUND GREEN TYPE,,,per pound,"2,515",0.57,11.721001926782273,53.09479768786127,0.08630539499036607,1015.2079961464354
2021-09-24,NATIONAL,VEGETABLES,CABBAGE,ROUND GREEN TYPE,,,per pound,"2,683",0.56,11.735588009223674,53.12029208301307,0.08611164488854726,1015.2219446579554
2021-10-01,NATIONAL,VEGETABLES,CABBAGE,ROUND GREEN TYPE,,,per pound,"2,487",0.56,11.743766781741465,53.13463751438435,0.08629171461449942,1015.2209915611814
2021-10-08,NATIONAL,VEGETABLES,CABBAGE,ROUND GREEN TYPE,,,per pound,"3,952",0.6,11.747130833970926,53.14001530221882,0.0870074598316756,1015.2141832440703
2021-10-15,NATIONAL,VEGETABLES,CABBAGE,ROUND GREEN TYPE,,,per pound,"2,769",0.59,11.750858450972911,53.14689049980923,0.08677508584509729,1015.2438477680274
2021-10-22,NATIONAL,VEGETABLES,CABBAGE,ROUND GREEN TYPE,,,per pound,631,0.62,11.753044140030442,53.15068493150685,0.08755232115677322,1015.2406773211568
2021-10-29,NATIONAL,VEGETABLES,CABBAGE,ROUND GREEN TYPE,,,per pound,"1,418",0.63,11.755884586180713,53.155277145026574,0.08737186788154896,1015.2466305998481
2021-11-05,NATIONAL,VEGETABLES,CABBAGE,ROUND GREEN TYPE,,,per pound,"1,452",0.64,11.748768472906404,53.142099280030315,0.08722053808260705,1015.2335638499432
2021-11-12,NATIONAL,VEGETABLES,CABBAGE,ROUND GREEN TYPE,,,per pound,"1,785",0.62,11.746409674981104,53.13756613756614,0.0870134164777022,1015.2529289493575
2021-11-19,NATIONAL,VEGETABLES,CABBAGE,ROUND GREEN TYPE,,,per pound,"1,629",0.64,11.742932529212213,53.13117225782133,0.0868120995099887,1015.273746701847
2021-11-26,NATIONAL,VEGETABLES,CABBAGE,ROUND GREEN TYPE,,,per pound,"1,497",0.63,11.728947368421053,53.106015037593984,0.08662593984962406,1015.2866071428572
2021-12-03,NATIONAL,VEGETABLES,CABBAGE,ROUND GREEN TYPE,,,per pound,"2,133",0.63,11.715196998123828,53.081425891181986,0.08664165103189493,1015.2600844277673
2021-12-10,NATIONAL,VEGETABLES,CABBAGE,ROUND GREEN TYPE,,,per pound,"1,928",0.62,11.698353293413174,53.05127245508982,0.08708832335329342,1015.2211358532934
2021-12-17,NATIONAL,VEGETABLES,CABBAGE,ROUND GREEN TYPE,,,per pound,841,0.63,11.690556177678237,53.037700634565134,0.0869307577454274,1015.2527062336693
2021-12-24,NATIONAL,VEGETABLES,CABBAGE,ROUND GREEN TYPE,,,per pound,841,0.52,11.67535368577811,53.011169024571856,0.08690431868950112,1015.2752233804914
2021-12-31,NATIONAL,VEGETABLES,CABBAGE,ROUND GREEN TYPE,,,per pound,"6,488",0.59,11.669516728624535,53.000743494423794,0.08711431226765799,1015.2498605947956
2022-01-07,NATIONAL,VEGETABLES,CABBAGE,ROUND GREEN TYPE,,,per pound,"1,738",0.71,11.657397107897664,52.97849462365591,0.08700407860585836,1015.2489803485354
2022-01-14,NATIONAL,VEGETABLES,CABBAGE,ROUND GREEN TYPE,,,per pound,"2,934",0.69,11.639792899408285,52.94711538461539,0.08686667899408283,1015.2753790680473
2022-01-21,NATIONAL,VEGETABLES,CABBAGE,ROUND GREEN TYPE,,,per pound,"1,908",0.62,11.619697528587237,52.91184064920694,0.08665160457395796,1015.3195315381778
2022-01-28,NATIONAL,VEGETABLES,CABBAGE,ROUND GREEN TYPE,,,per pound,"2,836",0.61,11.601177336276674,52.87821927888153,0.08642844002943341,1015.3691593083149
2022-02-04,NATIONAL,VEGETABLES,CABBAGE,ROUND GREEN TYPE,,,per pound,"2,194",0.63,11.597354886113152,52.87178545187362,0.08639786921381337,1015.3755969875092
2022-02-11,NATIONAL,VEGETABLES,CABBAGE,ROUND GREEN TYPE,,,per pound,"2,531",0.64,11.587394650054966,52.852693294246976,0.08629076584829608,1015.3973983144009
2022-02-18,NATIONAL,VEGETABLES,CABBAGE,ROUND GREEN TYPE,,,per pound,"1,956",0.65,11.577850877192983,52.83516081871345,0.08638523391812865,1015.37591374269
2022-02-25,NATIONAL,VEGETABLES,CABBAGE,ROUND GREEN TYPE,,,per pound,"2,410",0.58,11.566532993073277,52.81480131243164,0.08644732045205979,1015.3754101348889
2022-03-04,NATIONAL,VEGETABLES,CABBAGE,ROUND GREEN TYPE,,,per pound,"1,454",0.56,11.556,52.795272727272724,0.08679545454545455,1015.3923636363636
2022-03-11,NATIONAL,VEGETABLES,CABBAGE,ROUND GREEN TYPE,,,per pound,"13,401",0.51,11.545520493289807,52.7765687341313,0.08677003989844034,1015.4016594124048
2022-03-18,NATIONAL,VEGETABLES,CABBAGE,ROUND GREEN TYPE,,,per pound,"9,209",0.52,11.539073806078148,52.76447178002894,0.0867854558610709,1015.4185962373372
2022-03-25,NATIONAL,VEGETABLES,CABBAGE,ROUND GREEN TYPE,,,per pound,"1,235",0.58,11.535907614579575,52.75857091302779,0.08657073258751354,1015.4566943341754
2022-04-01,NATIONAL,VEGETABLES,CABBAGE,ROUND GREEN TYPE,,,per pound,"2,402",0.63,11.531891891891892,52.752072072072075,0.08645495495495495,1015.4723873873874
2022-04-08,NATIONAL,VEGETABLES,CABBAGE,ROUND GREEN TYPE,,,per pound,"2,979",0.63,11.521926671459381,52.73508267433501,0.08648005032350826,1015.4551132278935
2022-04-15,NATIONAL,VEGETABLES,CABBAGE,ROUND GREEN TYPE,,,per pound,"2,137",0.62,11.521333811401936,52.734313373969165,0.08631678020795984,1015.4604697024023
2022-04-22,NATIONAL,VEGETABLES,CABBAGE,ROUND GREEN TYPE,,,per pound,983,0.61,11.521101573676681,52.73390557939914,0.08614538626609443,1015.4645475679542
2022-04-29,NATIONAL,VEGETABLES,CABBAGE,ROUND GREEN TYPE,,,per pound,"3,133",0.66,11.518201284796573,52.72840827980014,0.08597430406852248,1015.4703336902213
2022-05-06,NATIONAL,VEGETABLES,CABBAGE,ROUND GREEN TYPE,,,per pound,"1,423",0.62,11.521367521367521,52.734330484330485,0.08595530626780627,1015.4846866096866
2022-05-13,NATIONAL,VEGETABLES,CABBAGE,ROUND GREEN TYPE,,,per pound,"1,352",0.66,11.526110124333925,52.743516873889874,0.0858126110124334,1015.4976021314387
2022-05-20,NATIONAL,VEGETABLES,CABBAGE,ROUND GREEN TYPE,,,per pound,769,0.57,11.538625088589653,52.76541459957477,0.08587880935506732,1015.5051824946846
2022-05-27,NATIONAL,VEGETABLES,CABBAGE,ROUND GREEN TYPE,,,per pound,"1,755",0.7,11.545775892541535,52.778013432308235,0.08578561329091552,1015.5029162248144
2022-06-03,NATIONAL,VEGETABLES,CABBAGE,ROUND GREEN TYPE,,,per pound,"2,153",0.74,11.549594069890576,52.78503353335687,0.08568655135898341,1015.5111189551712
2022-06-10,NATIONAL,VEGETABLES,CABBAGE,ROUND GREEN TYPE,,,per pound,"1,338",0.69,11.558802816901409,52.80211267605634,0.08594630281690141,1015.5099031690141
2022-06-17,NATIONAL,VEGETABLES,CABBAGE,ROUND GREEN TYPE,,,per pound,531,0.66,11.576747453459783,52.83561643835616,0.08573498419388831,1015.5244555672638
2022-06-24,NATIONAL,VEGETABLES,CABBAGE,ROUND GREEN TYPE,,,per pound,792,0.74,11.593552908199019,52.865451997196914,0.0858707077785564,1015.520497547302
2022-07-01,NATIONAL,VEGETABLES,CABBAGE,ROUND GREEN TYPE,,,per pound,"1,597",0.89,11.602308499475342,52.88002798181182,0.08575113676110527,1015.517313746065
2022-07-08,NATIONAL,VEGETABLES,CABBAGE,ROUND GREEN TYPE,,,per pound,"1,371",0.69,11.619678995115143,52.91102581995813,0.08554605722260991,1015.5392096999302
2022-07-15,NATIONAL,VEGETABLES,CABBAGE,ROUND GREEN TYPE,,,per pound,"2,194",0.69,11.646014618865298,52.95892794987817,0.08534632788026453,1015.5603028193526
2022-07-22,NATIONAL,VEGETABLES,CABBAGE,ROUND GREEN TYPE,,,per pound,"2,494",0.72,11.676388888888889,53.013888888888886,0.08520399305555555,1015.5685329861111
2022-07-29,NATIONAL,VEGETABLES,CABBAGE,ROUND GREEN TYPE,,,per pound,"1,480",0.74,11.693347193347194,53.044352044352046,0.08507016632016631,1015.5696465696466
2022-08-05,NATIONAL,VEGETABLES,CABBAGE,ROUND GREEN TYPE,,,per pound,"1,717",0.72,11.71082670356278,53.07471463161536,0.08494465582843307,1015.5714718090626
2022-08-12,NATIONAL,VEGETABLES,CABBAGE,ROUND GREEN TYPE,,,per pound,"1,991",0.76,11.736369910282955,53.121463077984814,0.08473947550034507,1015.5918305728088
2022-08-19,NATIONAL,VEGETABLES,CABBAGE,ROUND GREEN TYPE,,,per pound,"2,185",0.71,11.762822719449225,53.1697074010327,0.08484939759036145,1015.5789156626506
2022-08-26,NATIONAL,VEGETABLES,CABBAGE,ROUND GREEN TYPE,,,per pound,"2,405",0.78,11.782623626373626,53.205357142857146,0.08502747252747253,1015.5791981456044
2022-09-02,NATIONAL,VEGETABLES,CABBAGE,ROUND GREEN TYPE,,,per pound,"1,125",0.72,11.79286694101509,53.22393689986283,0.08507373113854595,1015.5810185185185
2022-09-09,NATIONAL,VEGETABLES,CABBAGE,ROUND GREEN TYPE,,,per pound,"2,328",0.73,11.808416010947656,53.2524803284297,0.08520783441669517,1015.5676530961341
2022-09-16,NATIONAL,VEGETABLES,CABBAGE,ROUND GREEN TYPE,,,per pound,"3,347",0.7,11.821501706484641,53.276109215017065,0.08534556313993175,1015.5597269624574
2022-09-23,NATIONAL,VEGETABLES,CABBAGE,ROUND GREEN TYPE,,,per pound,"3,264",0.62,11.828736806264896,53.288729996595166,0.08521876064010896,1015.5760554988083
2022-09-30,NATIONAL,VEGETABLES,CABBAGE,ROUND GREEN TYPE,,,per pound,"4,732",0.68,11.829027872195786,53.2899388171312,0.08512491502379334,1015.5629248810333
2022-10-07,NATIONAL,VEGETABLES,CABBAGE,ROUND GREEN TYPE,,,per pound,"1,652",0.72,11.836215666327568,53.302814513394374,0.08574092912851813,1015.5660393353679
2022-10-14,NATIONAL,VEGETABLES,CABBAGE,ROUND GREEN TYPE,,,per pound,"1,691",0.68,11.837280108254397,53.30581867388363,0.08562246278755074,1015.5762855209742
2022-10-21,NATIONAL,VEGETABLES,CABBAGE,ROUND GREEN TYPE,,,per pound,"1,924",0.7,11.84306446169423,53.316571042861966,0.08604876814039825,1015.5694819439757
2022-10-28,NATIONAL,VEGETABLES,CABBAGE,ROUND GREEN TYPE,,,per pound,"2,534",0.69,11.852188552188553,53.33198653198653,0.08619949494949494,1015.5565656565657
2022-11-04,NATIONAL,VEGETABLES,CABBAGE,ROUND GREEN TYPE,,,per pound,"2,064",0.69,11.85137861466039,53.33019502353732,0.08660894418291862,1015.5470326160054
2022-11-11,NATIONAL,VEGETABLES,CABBAGE,ROUND GREEN TYPE,,,per pound,"2,612",0.64,11.852733981885274,53.33277423683328,0.08688778933243878,1015.5379067427037
2022-11-18,NATIONAL,VEGETABLES,CABBAGE,ROUND GREEN TYPE,,,per pound,"1,079",0.68,11.850736278447123,53.329317269076306,0.08702727576974566,1015.5166080990629
2022-11-25,NATIONAL,VEGETABLES,CABBAGE,ROUND GREEN TYPE,,,per pound,"1,174",0.66,11.842070116861436,53.313188647746244,0.08738313856427378,1015.4910684474123
2022-12-02,NATIONAL,VEGETABLES,CABBAGE,ROUND GREEN TYPE,,,per pound,"4,036",0.74,11.836,53.302,0.08738333333333333,1015.4989583333333
2022-12-09,NATIONAL,VEGETABLES,CABBAGE,ROUND GREEN TYPE,,,per pound,"1,470",0.71,11.81609577652145,53.267043565014966,0.08719238443631526,1015.505736614566
2022-12-16,NATIONAL,VEGETABLES,CABBAGE,ROUND GREEN TYPE,,,per pound,889,0.77,11.78865295288653,53.217982747179825,0.08701891174518912,1015.4957697412077
2022-12-23,NATIONAL,VEGETABLES,CABBAGE,ROUND GREEN TYPE,,,per pound,633,0.6,11.77788811651771,53.199602780536246,0.08723932472691162,1015.4824147633234
2022-12-30,NATIONAL,VEGETABLES,CABBAGE,ROUND GREEN TYPE,,,per pound,"7,386",0.64,11.77230667547918,53.19001982815598,0.08724801718440185,1015.4769497686715
2023-01-06,NATIONAL,VEGETABLES,CABBAGE,ROUND GREEN TYPE,,,per pound,"1,323",0.72,11.768799472295514,53.18271767810026,0.08729798812664907,1015.4787681398417
2023-01-13,NATIONAL,VEGETABLES,CABBAGE,ROUND GREEN TYPE,,,per pound,"2,790",0.72,11.761105626850938,53.16880552813426,0.08740539651201053,1015.4553307008885
2023-01-20,NATIONAL,VEGETABLES,CABBAGE,ROUND GREEN TYPE,,,per pound,"2,098",0.68,11.740971766250821,53.132304661851606,0.08766004596191726,1015.4210439921208
2023-01-27,NATIONAL,VEGETABLES,CABBAGE,ROUND GREEN TYPE,,,per pound,"1,677",0.68,11.719947592531936,53.094333442515556,0.08747952833278742,1015.4625777923354
2023-02-03,NATIONAL,VEGETABLES,CABBAGE,ROUND GREEN TYPE,,,per pound,"1,802",0.75,11.713444553483807,53.08276087667648,0.08736506378802747,1015.4784919856068
2023-02-10,NATIONAL,VEGETABLES,CABBAGE,ROUND GREEN TYPE,,,per pound,517,0.85,11.696801566579634,53.05319843342036,0.08716546997389034,1015.5307604438642
2023-02-17,NATIONAL,VEGETABLES,CABBAGE,ROUND GREEN TYPE,,,per pound,"1,080",0.71,11.689026375773365,53.03940084662976,0.08702377075871051,1015.5614620644741
2023-02-24,NATIONAL,VEGETABLES,CABBAGE,ROUND GREEN TYPE,,,per pound,"4,502",0.76,11.6816114359974,53.02599090318389,0.0868624106562703,1015.5707439896037
2023-03-03,NATIONAL,VEGETABLES,CABBAGE,ROUND GREEN TYPE,,,per pound,"1,015",0.78,11.66677471636953,52.99967585089141,0.086677471636953,1015.5972042139384
2023-03-10,NATIONAL,VEGETABLES,CABBAGE,ROUND GREEN TYPE,,,per pound,"12,039",0.63,11.651034928848642,52.971216041397156,0.08760106727037514,1015.5709492238034
2023-03-17,NATIONAL,VEGETABLES,CABBAGE,ROUND GREEN TYPE,,,per pound,"11,665",0.58,11.64246531139077,52.95514682155534,0.08826637625040336,1015.5462245885769
2023-03-24,NATIONAL,VEGETABLES,CABBAGE,ROUND GREEN TYPE,,,per pound,"2,155",0.75,11.639729555698647,52.95106245975531,0.0889045396007727,1015.527084674823
2023-03-31,NATIONAL,VEGETABLES,CABBAGE,ROUND GREEN TYPE,,,per pound,"1,381",0.67,11.634405144694533,52.94147909967845,0.08885852090032155,1015.5258038585209
2023-04-07,NATIONAL,VEGETABLES,CABBAGE,ROUND GREEN TYPE,,,per pound,491,0.59,11.626243182547322,52.9265319217196,0.08889958293230671,1015.5399823548283
2023-04-14,NATIONAL,VEGETABLES,CABBAGE,ROUND GREEN TYPE,,,per pound,"2,976",0.68,11.620358514724712,52.916453265044815,0.08920854673495518,1015.5304497439181
2023-04-21,NATIONAL,VEGETABLES,CABBAGE,ROUND GREEN TYPE,,,per pound,"1,341",0.63,11.614819546470777,52.906739061002874,0.08919674225487065,1015.5458320025551
2023-04-28,NATIONAL,VEGETABLES,CABBAGE,ROUND GREEN TYPE,,,per pound,"1,909",0.64,11.609623964308478,52.89738687061823,0.08967893562778839,1015.5378027405991
2023-05-05,NATIONAL,VEGETABLES,CABBAGE,ROUND GREEN TYPE,,,per pound,"1,958",0.7,11.610244988864142,52.898822780782695,0.08962774419344575,1015.5464126630608
2023-05-12,NATIONAL,VEGETABLES,CABBAGE,ROUND GREEN TYPE,,,per pound,"1,885",0.66,11.612380952380953,52.902857142857144,0.09026190476190475,1015.546746031746
2023-05-19,NATIONAL,VEGETABLES,CABBAGE,ROUND GREEN TYPE,,,per pound,"2,070",0.68,11.614824200190053,52.90750712701932,0.09007760532150776,1015.5667168197656
2023-05-26,NATIONAL,VEGETABLES,CABBAGE,ROUND GREEN TYPE,,,per pound,815,0.67,11.618520859671301,52.91434892541087,0.08987831858407079,1015.5896017699115
2023-06-02,NATIONAL,VEGETABLES,CABBAGE,ROUND GREEN TYPE,,,per pound,"2,765",0.65,11.620896464646465,52.91887626262626,0.08976483585858586,1015.6025883838383
2023-06-09,NATIONAL,VEGETABLES,CABBAGE,ROUND GREEN TYPE,,,per pound,"1,124",0.74,11.627716535433072,52.93196850393701,0.08956692913385826,1015.6165748031497
2023-06-16,NATIONAL,VEGETABLES,CABBAGE,ROUND GREEN TYPE,,,per pound,"1,993",0.67,11.647705845380264,52.96857322438718,0.08962916404776869,1015.6187932118165
2023-06-23,NATIONAL,VEGETABLES,CABBAGE,ROUND GREEN TYPE,,,per pound,"2,135",0.79,11.665725932894324,53.000940733772346,0.0898283160865475,1015.6173173408592
2023-06-30,NATIONAL,VEGETABLES,CABBAGE,ROUND GREEN TYPE,,,per pound,871,0.77,11.679711959924859,53.025673137132124,0.08970726361928616,1015.6227692548529
2023-07-07,NATIONAL,VEGETABLES,CABBAGE,ROUND GREEN TYPE,,,per pound,"2,056",0.79,11.692283661355827,53.048422368009994,0.0897297719462668,1015.6154717275851
2023-07-14,NATIONAL,VEGETABLES,CABBAGE,ROUND GREEN TYPE,,,per pound,"4,135",0.68,11.708229426433915,53.077306733167084,0.08972490648379051,1015.6121804862843
2023-07-21,NATIONAL,VEGETABLES,CABBAGE,ROUND GREEN TYPE,,,per pound,"2,281",0.69,11.72130637636081,53.10108864696734,0.08957231726283049,1015.6060653188181
2023-07-28,NATIONAL,VEGETABLES,CABBAGE,ROUND GREEN TYPE,,,per pound,"3,067",0.73,11.73308504034761,53.12290502793296,0.08977731222842954,1015.5889199255121
2023-08-04,NATIONAL,VEGETABLES,CABBAGE,ROUND GREEN TYPE,,,per pound,"2,485",0.71,11.739925604463732,53.13515189088655,0.0900302231866088,1015.5739305641662
2023-08-11,NATIONAL,VEGETABLES,CABBAGE,ROUND GREEN TYPE,,,per pound,"3,040",0.77,11.751314568512218,53.155892360037114,0.09038431797092483,1015.57601299103
2023-08-18,NATIONAL,VEGETABLES,CABBAGE,ROUND GREEN TYPE,,,per pound,"1,755",0.68,11.766358024691359,53.18364197530864,0.0904050925925926,1015.5760416666667
2023-08-25,NATIONAL,VEGETABLES,CABBAGE,ROUND GREEN TYPE,,,per pound,"4,468",0.68,11.783184477979674,53.213735756082535,0.09051047120418848,1015.5789190021559
2023-09-01,NATIONAL,VEGETABLES,CABBAGE,ROUND GREEN TYPE,,,per pound,"2,111",0.62,11.788988003691172,53.22454629344817,0.09053368194401722,1015.5727852968317
